track_name,track_artist,language,playlist_genre,playlist_subgenre,genre_encoded,language_encoded
Rockstar (feat. DV8),Timmy Trumpet,en,edm,progressive electro house,8,1
Stars,VIZE,en,edm,electro house,8,1
Amay Prashna Kare Neel Dhrubatara,Hemant Kumar,bn,Bangla Film,Romantic Playback,1,0
Lonely (feat. Lorine Chia),Jamila Woods,en,r&b,neo soul,11,1
Bone Noy Mone Mor,Manabendra Mukherjee,bn,Adhunik Bangla,Romantic Modern,0,0
Moyna Balo Tumi,Asha Bhosle,bn,Bangla Folk,Regional Folk,2,0
"Why You Get Funky On Me - From ""House Party"" Soundtrack",Today,en,r&b,new jack swing,11,1
Ek Je Chhilo Raja,Anup Ghoshal|Rabi Ghosh,bn,Children's Music,Story Song,4,0
Ami Gun Kormu Ekjonare,Anuradha Paudwal,bn,Devotional,Bhajan,5,0
Is It Love,3LAU,en,latin,tropical,9,1
Superstar,Said the Sky,en,edm,pop edm,8,1
With Me,dvsn,en,r&b,neo soul,11,1
I Gotta Feeling,The Black Eyed Peas,en,latin,latin hip hop,9,1
E Manihar Amay Nahi Saje,Hemant Kumar,bn,Bangla Film,Romantic Playback,1,0
2000 Rounds,Pouya,en,rap,gangster rap,12,1
I Feel The Love,Tritonal,en,pop,dance pop,10,1
Rangiye Diye Jao,Hemant Kumar,bn,Bangla Film,Romantic Playback,1,0
Ele Na Tumi Je,R. D. Burman,bn,Bangla Film,Romantic Playback,1,0
Ei Mom Jochhonay Ango Bhijiye,Aarti Mukherji,bn,Bangla Film,Romantic Playback,1,0
Amar Sesh Paraner Kodi,Debabrata Biswas,bn,Rabindra Sangeet,Tagore Romantic,7,0
Aaj Jiban Khunje Pabi,Bhupen Hazarika,bn,Adhunik Bangla,Romantic Modern,0,0
Wild Wild Son - Club Mix,Armin van Buuren,en,edm,progressive electro house,8,1
Gunjane Dole Je Bhramar,Asha Bhosle|Kishore Kumar,bn,Bangla Film,Romantic Duet,1,0
Dole Dodul Dole Jhulana,Manabendra Mukherjee|Shyamal Mitra,bn,Bangla Film,Semi-Classical Film,1,0
Right Down the Line,Gerry Rafferty,en,rock,album rock,13,1
Sloppy Seconds,Watsky,en,pop,indie poptimism,10,1
E Kemon Ranga Jadu,Bhupen Hazarika,bn,Adhunik Bangla,Romantic Modern,0,0
Sometimes When We Touch,Dan Hill,en,rock,album rock,13,1
Dake Loke Amake Clown,Kishore Kumar,bn,Bangla Film,Romantic Playback,1,0
I'm Ready,Tevin Campbell,en,r&b,new jack swing,11,1
Baani Tabo Dhai,Debabrata Biswas,bn,Rabindra Sangeet,Tagore Classic,7,0
E Jiban Premeri Ek Patabahar Kabita,Kishore Kumar,bn,Bangla Film,Romantic Playback,1,0
Ekkhana Megh Bhese Elo Akashe,Bhupen Hazarika,bn,Adhunik Bangla,Romantic Modern,0,0
Original Don (feat. The Partysquad) [Flosstradamus Remix],Major Lazer,en,rap,trap,12,1
Nothin' But The Cavi Hit,Mack 10,en,rap,gangster rap,12,1
Jafrani Rang Akashe,Asha Bhosle,bn,Bangla Film,Romantic Playback,1,0
Thinking About You (feat. Ayah Marar),Calvin Harris,en,pop,electropop,10,1
On my shoulders,The Dø,en,rock,album rock,13,1
Jeno Kichhu Mone Korona,Akhil Bandhu Ghosh,bn,Adhunik Bangla,Romantic Modern,0,0
Steambreather,Mastodon,en,rock,hard rock,13,1
Aamar Bhalobasar Rajprasade,Manna Dey,bn,Adhunik Bangla,Romantic Modern,0,0
Animals,Maroon 5,en,pop,post-teen pop,10,1
Swingin Party - 2008 Remaster,The Replacements,en,rock,permanent wave,13,1
Wolf,Skott,en,pop,indie poptimism,10,1
Shono Go Dakhin Hawa,S. D. Burman,bn,Adhunik Bangla,Romantic Modern,0,0
The Wrong Ones,JC Stewart,en,latin,latin hip hop,9,1
Aamar Pujar Phool,Kishore Kumar,bn,Adhunik Bangla,Romantic Modern,0,0
Hey Priyotama Ami To Tomay,Kishore Kumar,bn,Bangla Film,Romantic Playback,1,0
Girls Just Want to Have Fun,Cyndi Lauper,en,pop,electropop,10,1
All Falls Down (feat. Juliander),Alan Walker,en,edm,electro house,8,1
Janmadin,Kishore Kumar,bn,Children's Music,Birthday Song,4,0
O Shyam Jakhan Takhan,Sujata Mukherjee|Aarti Mukherji,bn,Bangla Film,Duet Playback,1,0
Sound of da Police,KRS-One,en,rap,southern hip hop,12,1
In Love With You,Erykah Badu,en,r&b,neo soul,11,1
Phulkali Re Phulkali,Asha Bhosle|Kishore Kumar,bn,Bangla Film,Light Romantic,1,0
Metal,Gary Numan,en,rock,permanent wave,13,1
Glory Days,Bruce Springsteen,en,rock,classic rock,13,1
Neon,Frida Sundemo,en,pop,indie poptimism,10,1
Amar Khela Jakhon Chhilo Tomar Sane,Hemant Kumar,bn,Bangla Film,Romantic Playback,1,0
Tomate Amate Dekha Hoyechhilo,R. D. Burman,bn,Bangla Film,Romantic Playback,1,0
Just As I Am,Marshall Marshall,en,pop,dance pop,10,1
Jakhan Keu Amake Pagol Bale,Manna Dey,bn,Adhunik Bangla,Philosophical Modern,0,0
Keep Yourself Alive - 2011 Mix,Queen,en,rock,album rock,13,1
Ami Je Ke Tomar,Kishore Kumar,bn,Bangla Film,Romantic Playback,1,0
Hotam Jodi Tota Pakhi,Lata Mangeshkar,bn,Bangla Film,Romantic Playback,1,0
Jakhan Ami Anek Dure,Kishore Kumar,bn,Bangla Film,Melancholy Playback,1,0
Nijhum Nishithe,Hemant Kumar,bn,Bangla Film,Romantic Playback,1,0
"What Christmas Means to Me - from ""The Best Man Holiday Original Motion Picture Soundtrack""",Fantasia,en,r&b,neo soul,11,1
Money For Nothing,Dire Straits,en,rock,classic rock,13,1
One Day,UGK,en,rap,southern hip hop,12,1
Prano Bhariye Trisha Hariye,Debabrata Biswas,bn,Rabindra Sangeet,Tagore Classic,7,0
Better Give U Up,FKJ,en,r&b,neo soul,11,1
Na Ekhoni Noy Jabe,Asha Bhosle,bn,Bangla Film,Romantic Playback,1,0
O Mor Moyna Go,Lata Mangeshkar,bn,Bangla Folk,Folk Song,2,0
Screwed Up,Ludacris,en,rap,southern hip hop,12,1
Is This It,The Strokes,en,rock,permanent wave,13,1
Unstoppable,Paperwhite,en,pop,indie poptimism,10,1
Kiss You All Over,Exile,en,rock,classic rock,13,1
Ki Je Bhabi Elomelo,Asha Bhosle,bn,Bangla Film,Romantic Playback,1,0
Emon Madhur Sandhyay,Asha Bhosle,bn,Bangla Film,Romantic Playback,1,0
Aadho Aalo Chhayte,Kishore Kumar|Asha Bhosle,bn,Bangla Film,Duet Playback,1,0
Nibhrita Praner,Debabrata Biswas,bn,Rabindra Sangeet,Tagore Classic,7,0
Ami Apon Koriya Chahini,Asha Bhosle,bn,Bangla Film,Romantic Playback,1,0
Ami Chini Go Chini Tomare,Kishore Kumar,bn,Rabindra Sangeet,Tagore Romantic,7,0
Stronger,Prismo,en,pop,electropop,10,1
Down to the River,Danny Boone,en,rap,southern hip hop,12,1
6 Man,Drake,en,r&b,urban contemporary,11,1
Bad - 2012 Remaster,Michael Jackson,en,rock,classic rock,13,1
Ke Pratham Kachhe Esechhi,Lata Mangeshkar|Manna Dey,bn,Bangla Film,Duet Playback,1,0
Swapan Jodi Madhur Emon,Manna Dey,bn,Bangla Film,Romantic Playback,1,0
End Of The Road,Boyz II Men,en,r&b,new jack swing,11,1
Kaputt,Destroyer,en,pop,dance pop,10,1
Aay Aay Chhute Aay,Bhupen Hazarika,bn,Adhunik Bangla,Romantic Modern,0,0
Nayan Sarasi Keno Bhoreche Jaale,Kishore Kumar,bn,Adhunik Bangla,Melancholic Modern,0,0
Mother - Fedde Le Grand Remix,Charlie Puth,en,pop,dance pop,10,1
Do Me Right,Guy,en,r&b,new jack swing,11,1
Easy Love,Sigala,en,latin,tropical,9,1
Chainsmoking,Jacob Banks,en,pop,indie poptimism,10,1
Fortunate,Maxwell,en,r&b,neo soul,11,1
Jana - Gana - Mana - Orchestra,Akashvani Vadya Vrinda,bn,Children's Music,Comic Song,4,0
Pranbhara Swapna,Kishore Kumar|Chandrani Mukherjee,bn,Bangla Film,Duet Playback,1,0
There Are Too Many Of Us,Blur,en,rock,permanent wave,13,1
Amar Andhar Bhubane,Kishore Kumar,bn,Bangla Film,Romantic Playback,1,0
Love,Musiq Soulchild,en,r&b,neo soul,11,1
Ke Jay Re,Asha Bhosle,bn,Bangla Film,Romantic Playback,1,0
Amar Shilpi Tumi Kishore Kumar,Kumar Sanu,bn,Bangla Film,Romantic Playback,1,0
When I See You Smile,Bad English,en,rock,album rock,13,1
Hate Me Now (feat.- Puff Daddy),Nas,en,rap,gangster rap,12,1
Ain't My Fault - R3hab Remix,Zara Larsson,en,rap,trap,12,1
Swapna Mahale Ajo Nishirate,Bappi Lahiri,bn,Bangla Film,Romantic Playback,1,0
Ami Aaj Bhebechhi Mone,Hemant Kumar,bn,Bangla Film,Romantic Playback,1,0
Ogo Abar Natun Kore,Mukesh,bn,Bangla Film,Romantic Playback,1,0
Woman,Wolfmother,en,rock,hard rock,13,1
Molly,Tyga,en,rap,gangster rap,12,1
Ami Jani Na,Asha Bhosle|Abhijeet Bhattacharya,bn,Bangla Film,Duet Playback,1,0
Tomar Pujar Chhaley,Debabrata Biswas,bn,Rabindra Sangeet,Tagore Devotional,7,0
Icarus,Kojey Radical,en,r&b,neo soul,11,1
Bharat Amar Bharat Barsha,Manna Dey,bn,Bangla Film,Romantic Playback,1,0
Bhalobashar Moto Bhalo Kauke,Udit Narayan,bn,Bangla Film,Romantic Playback,1,0
Ei Agune Haat Rakho,Nachiketa Chakraborty,bn,Adhunik Bangla,Romantic Modern,0,0
Pran Chay Chokkhu Na Chay,Sagar Sen,bn,Rabindra Sangeet,Tagore Classic,7,0
Hai Hai Ki Herilam,Utpalendu Chowdhury,bn,Bangla Folk,Folk Ballad,2,0
Bhola Mon Moner Katha,Shyamal Mitra,bn,Adhunik Bangla,Romantic Modern,0,0
New Light,John Mayer,en,pop,dance pop,10,1
Mor Bhabanare Ki Haoway Matalo,Hemant Kumar,bn,Rabindra Sangeet,Tagore Nature,7,0
How We Party,R3HAB,en,edm,big room,8,1
Pathey Chhile Jetey,Debabrata Biswas,bn,Rabindra Sangeet,Tagore Classic,7,0
Work,Rihanna,en,rap,southern hip hop,12,1
Tora Je Ja Bolish,Debabrata Biswas,bn,Rabindra Sangeet,Tagore Playful,7,0
Driftin' Blues,Charles Brown,en,rock,classic rock,13,1
My Body,Young the Giant,en,pop,indie poptimism,10,1
Sittin' Sidewayz (feat. Big Pokey),Paul Wall,en,rap,hip hop,12,1
Lost In Stereo,All Time Low,en,pop,post-teen pop,10,1
Burden,Foy Vance,en,r&b,neo soul,11,1
Opposites Attract,Paula Abdul,en,r&b,new jack swing,11,1
Ja Peyechhi,Amit Kumar,bn,Bangla Film,Romantic Playback,1,0
Baby I'm Yours - Re-Recorded,Shai,en,r&b,new jack swing,11,1
Round and Round,Ratt,en,rock,classic rock,13,1
Dinguli Mor,Debabrata Biswas,bn,Rabindra Sangeet,Tagore Nostalgia,7,0
Bridges,Broods,en,pop,indie poptimism,10,1
Eso Pranbharan,Arundhati Holme Chowdhury|Bitu Samajpati,bn,Rabindra Sangeet,Tagore Classic,7,0
Sweet Home Alabama,Lynyrd Skynyrd,en,rap,southern hip hop,12,1
Message In A Bottle - Remastered 2003,The Police,en,rock,classic rock,13,1
Ami Gaan Shonabo,Hemant Kumar,bn,Adhunik Bangla,Light Modern,0,0
It's your life (feat. Chris Willis),David Guetta,en,edm,progressive electro house,8,1
Howl,Beware Of Darkness,en,rap,southern hip hop,12,1
40th Street Black / We Will Fight,Wu-Tang Clan,en,rap,southern hip hop,12,1
Don't Worry (feat. Ray Dalton) - Matoma Remix,Madcon,en,edm,pop edm,8,1
Dirty Deeds Done Dirt Cheap,AC/DC,en,rock,album rock,13,1
Patiently Waiting,50 Cent,en,rap,gangster rap,12,1
Nabo Anande Jago Aaji,Hemant Kumar,bn,Bangla Film,Romantic Playback,1,0
Stupid for You,Waterparks,en,pop,post-teen pop,10,1
Ei Sundar Swarnali Sandhaye,Geeta Dutt,bn,Bangla Film,Romantic Playback,1,0
Kids in Love - Don Diablo Remix,Kygo,en,pop,dance pop,10,1
Ei Sundar Swarnali Sandhaye,Geeta Dutt,bn,Bangla Film,Romantic Playback,1,0
Tears Don't Fall,Bullet For My Valentine,en,rock,hard rock,13,1
Katha Dao Aabar Asbe,Manna Dey,bn,Bangla Film,Romantic Playback,1,0
Na Na Na Kachhe Esona,Asha Bhosle|S. P. Balasubrahmanyam,bn,Bangla Film,Playful Romantic,1,0
Dancer,Gino Soccio,en,edm,progressive electro house,8,1
United We Are,Hardwell,en,edm,big room,8,1
Chaaridike Paaper Andhar (Manush Janam Diye Bidhi),Kishore Kumar,bn,Bangla Film,Romantic Playback,1,0
Megh Aar Kuyashay Hok,Kishore Kumar|Aarti Mukherji,bn,Bangla Film,Duet Playback,1,0
BAD KID,Night Lovell,en,rap,gangster rap,12,1
I Feel It Coming,The Weeknd,en,pop,post-teen pop,10,1
Bulbul Pakhi Maiana,Antara Chwdhury,bn,Children's Music,Children's Rhyme,4,0
Breaking the Habit,Linkin Park,en,rock,album rock,13,1
Next To Me,Axel Johansson,en,pop,dance pop,10,1
Sneak Diss (feat. So6ix),Ghostemane,en,rap,gangster rap,12,1
Prem Baro Madhur,Kishore Kumar,bn,Adhunik Bangla,Romantic Modern,0,0
The Weekend - Funk Wav Remix,SZA,en,pop,electropop,10,1
Badal Kalo Ghirlo Go,Lata Mangeshkar,bn,Bangla Film,Romantic Playback,1,0
Applause,Lady Gaga,en,pop,post-teen pop,10,1
Fuck You,CeeLo Green,en,edm,pop edm,8,1
Aaj Ei Dintake,Kishore Kumar,bn,Bangla Film,Retro Film Melody,1,0
Won't Get Fooled Again - Original Album Version,The Who,en,rock,hard rock,13,1
Big Faces,Geto Boys,en,rap,southern hip hop,12,1
Faucet Failure,Ski Mask The Slump God,en,rap,gangster rap,12,1
Chocolate Jesus,Tom Waits,en,rock,permanent wave,13,1
Priyotamo Ki Likhi Tomay,Lata Mangeshkar,bn,Bangla Film,Romantic Playback,1,0
Ami Sahebo Noi Golamo Noi,Hemant Kumar,bn,Bangla Film,Melancholy Playback,1,0
Tari Amar Hathat Dubey Jai,Indrani Sen,bn,Rabindra Sangeet,Tagore Classic,7,0
Step by Step,New Kids On The Block,en,r&b,new jack swing,11,1
Ami Jamini Tumi Shashi Hey,Manna Dey,bn,Bangla Film,Romantic Semi-Classical,1,0
Anything Could Happen,Ellie Goulding,en,pop,dance pop,10,1
Ek Din Aaro Gelo,Kishore Kumar,bn,Bangla Film,Romantic Playback,1,0
Madhumas Jay,R. D. Burman,bn,Bangla Film,Romantic Playback,1,0
Blame,Bryson Tiller,en,r&b,neo soul,11,1
Du Chokhe Brishti,Alka Yagnik,bn,Bangla Film,Romantic Playback,1,0
O Mago Ma,Antara Chwdhury,bn,Children's Music,Comic Song,4,0
O Aamar Kandher Anchal,Asha Bhosle,bn,Bangla Film,Romantic Playback,1,0
Climbing Walls,Strange Talk,en,pop,indie poptimism,10,1
Chemistry,Wiwek,en,edm,progressive electro house,8,1
Bhoy Dekhas Na (The Agnee Version),Mohan Kannan,bn,Adhunik Bangla,Romantic Modern,0,0
Aebar Pujoye Chaaye,Alka Yagnik,bn,Bangla Film,Romantic Playback,1,0
Hoyto Tomari Janya,Manna Dey,bn,Bangla Film,Romantic Film Song,1,0
Little Do You Know,Alex & Sierra,en,edm,pop edm,8,1
Carillon (with Achille Lauro),Nahaze,en,pop,dance pop,10,1
Madhobi Modhupey Holo Mitali,Aarti Mukherji,bn,Bangla Film,Romantic Playback,1,0
Baro Bishad Bhara Rajani,Lata Mangeshkar|Chorus,bn,Bangla Film,Duet Playback,1,0
Uma,Panama Wedding,en,pop,indie poptimism,10,1
Calm Down,G-Eazy,en,rap,hip hop,12,1
Naam Amar Kishore Kumar Ganguly,Kishore Kumar,bn,Adhunik Bangla,Tribute Song,0,0
Mor Bina Othe Kon Sure Baji,Swagatalakshmi Dasgupta,bn,Rabindra Sangeet,Tagore Classic,7,0
Akash Keno Daake,Kishore Kumar,bn,Bangla Film,Romantic Playback,1,0
Piya Bholo Abhimaan,Ajoy Chakrabarty,bn,Bangla Film,Romantic Retro,1,0
Khonpar Ei Golap Diye,Sivaji Chatterjee,bn,Adhunik Bangla,Romantic Modern,0,0
Time of Dying,Three Days Grace,en,rock,hard rock,13,1
Sketches of Pain,Audible Mainframe,en,r&b,neo soul,11,1
Cake By The Ocean,DNCE,en,latin,latin hip hop,9,1
We Are,ONE OK ROCK,en,rock,album rock,13,1
The Pressure,The Cranberries,en,rock,album rock,13,1
Baba O Khoka,Kishore Kumar,bn,Bangla Film,Romantic Playback,1,0
Tuesday (feat. Drake),ILOVEMAKONNEN,en,edm,pop edm,8,1
Unwritten,Natasha Bedingfield,en,pop,post-teen pop,10,1
High Hopes,Panic! At The Disco,en,pop,post-teen pop,10,1
Look What You Made Me Do,Taylor Swift,en,pop,post-teen pop,10,1
Since U Been Gone,Kelly Clarkson,en,latin,latin hip hop,9,1
Heartbreaker - 1990 Remaster,Led Zeppelin,en,rock,classic rock,13,1
Amar Bela Je Jai,Asha Bhosle,bn,Bangla Film,Romantic Playback,1,0
Amio Pather Mato,Hemant Kumar,bn,Bangla Film,Romantic Playback,1,0
Chokhe Chokh Rekhe - Kishore Kumar,Kishore Kumar,bn,Bangla Film,Romantic Playback,1,0
King Of The Ghosts Gives 3 Boons,Satyajit Ray,bn,Children's Music,Fantasy Song,4,0
Chirodini Tumi Je Aamar- Male,Kishore Kumar,bn,Bangla Film,Romantic Film Ballad,1,0
Bow Down,I Prevail,en,rock,hard rock,13,1
Make 'Em Say Ugh,Master P,en,rap,southern hip hop,12,1
I Decided,Liv Warfield,en,r&b,neo soul,11,1
Ei Edike Eso Esona,Asha Bhosle,bn,Bangla Film,Romantic Playback,1,0
I'm Your Baby Tonight,Whitney Houston,en,r&b,new jack swing,11,1
Na Bole Esechhi,Aarti Mukherji,bn,Bangla Film,Romantic Playback,1,0
Hridayer Gaan Shikhe To Gaay Go Sabai,Manna Dey,bn,Adhunik Bangla,Philosophical Modern,0,0
Machher Kanta Khonpar Kanta,Asha Bhosle,bn,Bangla Film,Romantic Playback,1,0
Divinity - filous Remix,Porter Robinson,en,pop,indie poptimism,10,1
Whole Lotta Love,Santana,en,rock,classic rock,13,1
Esho Go Jweley,Debabrata Biswas,bn,Rabindra Sangeet,Tagore Classic,7,0
Drops of Jupiter,Train,en,rock,permanent wave,13,1
Ore Batas Phulshakhate,Sandhya Mukherjee|Hemant Kumar,bn,Bangla Film,Duet Playback,1,0
Sunday Bloody Sunday - Remastered 2008,U2,en,rock,classic rock,13,1
Amra Korbo Joy,Bhupen Hazarika|Chorus,bn,Bangla Patriotic,Inspirational Anthem,3,0
Feelin' Alright,Joe Cocker,en,rock,album rock,13,1
Ogo Moner Duyare Danriye Theko Na,Aarti Mukherji,bn,Bangla Film,Romantic Playback,1,0
Bankroll,Taz,en,rap,gangster rap,12,1
Ami Tomar Majhe Pelam Khunje,Hemant Kumar,bn,Bangla Film,Romantic Playback,1,0
Only Girl,Kali Uchis,en,r&b,neo soul,11,1
Ami Premer Pather Pathik,Kishore Kumar,bn,Bangla Film,Romantic Playback,1,0
Ki Ashai Bandhi Khelaghar,Kishore Kumar,bn,Bangla Film,Romantic Playback,1,0
Dui Naukaye Diya Pa,Alka Yagnik,bn,Bangla Film,Romantic Playback,1,0
Used To,Drake,en,r&b,urban contemporary,11,1
Dinguli Mor,Debabrata Biswas,bn,Rabindra Sangeet,Tagore Nostalgia,7,0
Tonight,MOTi,en,edm,progressive electro house,8,1
WORKIN ME,Quavo,en,latin,latin pop,9,1
Ready For Love,India.Arie,en,r&b,neo soul,11,1
O Montrimoshai,Rabi Ghosh|Anup Ghoshal,bn,Children's Music,Comic Song,4,0
Supernatural,Apollo LTD,en,pop,indie poptimism,10,1
Back To You - From 13 Reasons Why – Season 2 Soundtrack,Selena Gomez,en,pop,indie poptimism,10,1
Dekte Dekte Din Chole,Mahendra Kapoor,bn,Bangla Film,Romantic Playback,1,0
Don't Miss Me? - UNKLFNKL Remix,Marianas Trench,en,pop,indie poptimism,10,1
Bhoy Dekhas Na (Male) Voice & Guitars,Arijit Singh,bn,Adhunik Bangla,Acoustic Modern,0,0
Mangaldeep Jwele (Part 1),Lata Mangeshkar|Others,bn,Devotional,Puja Spiritual,5,0
Ice Cream Man,Tyga,en,r&b,urban contemporary,11,1
Amar Balar Kichhu Chhilo Na,Haimanti Shukla,bn,Adhunik Bangla,Romantic Modern,0,0
Amar Ga Chhamchham Kare,Asha Bhosle|Bappi Lahiri,bn,Bangla Film,Duet Playback,1,0
Oxygen,Maia Mitchell,en,pop,post-teen pop,10,1
Afternoon,TENDER,en,pop,indie poptimism,10,1
Mary Jane's Last Dance,Tom Petty and the Heartbreakers,en,rap,southern hip hop,12,1
Gun Gun Kare Mon,Amit Kumar|Asha Bhosle,bn,Bangla Film,Duet Playback,1,0
Finally // beautiful stranger,Halsey,en,pop,dance pop,10,1
Alarm,Olly James,en,edm,progressive electro house,8,1
Glory of Love,Peter Cetera,en,rock,album rock,13,1
Feel,Victors,en,pop,indie poptimism,10,1
Katha Hoyechhilo,Asha Bhosle,bn,Bangla Film,Romantic Playback,1,0
Ami Dur Hote Tomarei Dekhechhi,Hemant Kumar,bn,Bangla Film,Romantic Playback,1,0
Taare Bole Diyo,Hemant Kumar,bn,Bangla Film,Romantic Playback,1,0
Malibu,Miley Cyrus,en,pop,dance pop,10,1
Feeling Good,Demun Jones,en,rap,southern hip hop,12,1
Je Chhilo Amar Swapancharini,Srikanto Acharya,bn,Adhunik Bangla,Romantic Modern,0,0
I Found You (with Calvin Harris),benny blanco,en,pop,dance pop,10,1
Aei Gaaneri Shure Shure,Mohammad Aziz,bn,Bangla Film,Romantic Playback,1,0
Town Called Malice,The Jam,en,rock,permanent wave,13,1
Deep Nibhey Gechhey,Indrani Sen,bn,Rabindra Sangeet,Tagore Classic,7,0
Never Know,6LACK,en,r&b,urban contemporary,11,1
Tomar Oi Dhupchhaya Rang,Shyamal Mitra,bn,Adhunik Bangla,Romantic Modern,0,0
Lovers on the Sun (feat. Sam Martin),David Guetta,en,edm,electro house,8,1
Katha Hoyechhilo,Asha Bhosle,bn,Bangla Film,Romantic Playback,1,0
Ami Tomar Preme Habo Sabar,Sagar Sen,bn,Rabindra Sangeet,Tagore Romantic,7,0
Cool,Jonas Brothers,en,r&b,hip pop,11,1
Wicked,GRiZ,en,pop,indie poptimism,10,1
Sweet Emotion - Single Version,Aerosmith,en,rock,hard rock,13,1
Radar Love,Golden Earring,en,rock,album rock,13,1
CYANIDE,Daniel Caesar,en,r&b,urban contemporary,11,1
Cameras,Matt and Kim,en,pop,indie poptimism,10,1
All That I Am,Joe,en,r&b,urban contemporary,11,1
Ei Je Nadi Jay Sagare,Kishore Kumar,bn,Bangla Film,Romantic Playback,1,0
Jibane Ki Pabo Na,Manna Dey,bn,Bangla Film,Romantic Playback,1,0
Amar Sakal Raser Dhara,Hemant Kumar|Aarti Mukherji,bn,Bangla Film,Duet Playback,1,0
Darjeeling Jatra,R. D. Burman,bn,Children's Music,Travel Comic,4,0
Show Me Love - Original Mix,Sam Feldt,en,edm,progressive electro house,8,1
Woke Up Late (feat. Hailee Steinfeld),Drax Project,en,r&b,hip pop,11,1
make daddy proud,blackbear,en,pop,electropop,10,1
Nayan Chherey Geley,Debabrata Biswas,bn,Rabindra Sangeet,Tagore Classic,7,0
Hoyto Amake Karo Mone,Kishore Kumar,bn,Adhunik Bangla,Romantic Modern,0,0
Sei Raate Raat Chhilo Purnima,Kishore Kumar,bn,Adhunik Bangla,Romantic Modern,0,0
Karo Keu Naiko Aami,Kishore Kumar,bn,Adhunik Bangla,Melancholic Modern,0,0
In the Air Tonight,Nonpoint,en,rock,hard rock,13,1
O Tota Pakhi Re,Nirmal Mishra,bn,Adhunik Bangla,Romantic Modern,0,0
First Time - Gryffin Remix,Kygo,en,edm,electro house,8,1
Bom Bhole,Kishore Kumar,bn,Devotional,Shiva Devotional,5,0
Electricity,Culture Code,en,edm,pop edm,8,1
"Ogo Kangal, Amare Kangal Karechho",Ritu Guha,bn,Rabindra Sangeet,Tagore Classic,7,0
Balo Ki Achhe Go,R. D. Burman,bn,Bangla Film,Romantic Duet,1,0
Ebar Ami Amar Theke,Lata Mangeshkar,bn,Bangla Film,Romantic Playback,1,0
Da' Dip,Freak Nasty,en,rap,southern hip hop,12,1
Clan In Da Front,Wu-Tang Clan,en,rap,southern hip hop,12,1
Mon-Majhi Re,R. D. Burman,bn,Bangla Folk,Folk-inspired Modern,2,0
O Amar Pran Sajani (Champabothi Kanya),Lata Mangeshkar,bn,Bangla Film,Romantic Playback,1,0
Ei Path Jodi Na Shes Hoy,Sandhya Mukherjee|Hemant Kumar,bn,Bangla Film,Romantic Duet,1,0
Centerfold,The J. Geils Band,en,rock,classic rock,13,1
Adore You,Maisie Peters,en,pop,post-teen pop,10,1
Kar Manjir Baje Rini,Shyamal Mitra,bn,Adhunik Bangla,Romantic Modern,0,0
Gold,Kiiara,en,pop,indie poptimism,10,1
Blowin' Trees (+ Napdonalds Skit),Nappy Roots,en,rap,southern hip hop,12,1
Gz And Hustlas (feat. Nancy Fletcher),Snoop Dogg,en,rap,gangster rap,12,1
Tomader Aasare Aaj,Lata Mangeshkar,bn,Bangla Film,Romantic Playback,1,0
Sundari Go Dohai Dohai,Manna Dey,bn,Bangla Film,Playful Folk-Film,1,0
Breakaway,Kelly Clarkson,en,pop,post-teen pop,10,1
Ore Mon-Mayana,Lata Mangeshkar,bn,Bangla Film,Romantic Playback,1,0
Chokhe Naame Brishti,Asha Bhosle,bn,Bangla Film,Romantic Playback,1,0
I'm Shakin',Jack White,en,rock,classic rock,13,1
Klaanti Aamaar Kshamaa Koro,Debabrata Biswas,bn,Rabindra Sangeet,Tagore Classic,7,0
Kobe,Chief Keef,en,rap,southern hip hop,12,1
She Keno Amay,Pankaj Udhas,bn,Adhunik Bangla,Romantic Modern,0,0
Perfect Strangers,Jonas Blue,en,pop,indie poptimism,10,1
Nahin Surya Nahin Jyoti,Anup Jalota,bn,Devotional,Bhajan,5,0
Stardust,Gemini Syndrome,en,rock,hard rock,13,1
Gaane Bhuban Bhoriye Debe,Shyamal Mitra,bn,Adhunik Bangla,Romantic Modern,0,0
Ek Tanete Jemon Temon,Kishore Kumar|Swapan Chakraborty,bn,Bangla Folk,Folk-inspired Light,2,0
Pherano Jabe Na Aar,Hemant Kumar,bn,Bangla Film,Romantic Playback,1,0
Self Importance,Kilo Kish,en,r&b,neo soul,11,1
Treat You Better,Shawn Mendes,en,pop,dance pop,10,1
Feeling Lonely,boy pablo,en,pop,indie poptimism,10,1
Rui Katla Ilish To Noy,Kishore Kumar,bn,Bangla Film,Romantic Playback,1,0
One Woman Man,Dave Hollister,en,r&b,new jack swing,11,1
No Denying,J Hus,en,r&b,urban contemporary,11,1
Sandhya Belay Tumi Ami,Asha Bhosle,bn,Adhunik Bangla,Romantic Modern,0,0
Ekti Kunri Duti Pata,Bhupen Hazarika,bn,Adhunik Bangla,Romantic Modern,0,0
Save It For A Rainy Day,Stephen Bishop,en,rock,classic rock,13,1
Again,Wun Two,en,latin,tropical,9,1
Turnin' Me Up,BJ The Chicago Kid,en,r&b,neo soul,11,1
Aamar Bhalobasar Rajprasade,Manna Dey,bn,Adhunik Bangla,Romantic Modern,0,0
Amar Silpi Kishore Kumar,Kumar Sanu,bn,Bangla Film,Romantic Playback,1,0
Na Na Na Aaj Raate Aar,Manna Dey,bn,Bangla Film,Playful Romantic,1,0
Hard 2 Love,Haystak,en,rap,southern hip hop,12,1
Milkshake,Kelis,en,rap,southern hip hop,12,1
Now That We Found Love,Heavy D & The Boyz,en,r&b,new jack swing,11,1
Sanguine Paradise,Lil Uzi Vert,en,rap,hip hop,12,1
Can't You See,The Marshall Tucker Band,en,rock,album rock,13,1
Jani Tomar Premer Jogyo Ami To Noi,Manna Dey,bn,Adhunik Bangla,Melancholic Modern,0,0
Moner Janala Dhore Unki Diye,Hemant Kumar,bn,Bangla Film,Romantic Playback,1,0
Aaro Kachakachi,Kishore Kumar|Asha Bhosle,bn,Bangla Film,Duet Playback,1,0
Amar Chetana Chaitanya Kore,Panna Lal Bhattacharjee,bn,Devotional,Spiritual,5,0
Ghost,Lianne La Havas,en,r&b,neo soul,11,1
Into The Great Wide Open,Tom Petty and the Heartbreakers,en,rock,permanent wave,13,1
Another Day,Jamie Lidell,en,rock,album rock,13,1
You Make My Dreams - Remastered,Daryl Hall & John Oates,en,pop,post-teen pop,10,1
Jodi Baran Karo Tabe Gabo Na,Lata Mangeshkar,bn,Bangla Film,Romantic Playback,1,0
Jaubansarosinire,Hemant Kumar,bn,Bangla Film,Romantic Playback,1,0
The House of the Rising Sun,The Animals,en,rock,hard rock,13,1
Crashing (feat. Bahari),ILLENIUM,en,edm,pop edm,8,1
Chirodini Tumi Je Aamar- Female,Asha Bhosle,bn,Bangla Film,Romantic Film Ballad,1,0
Na Dir Dir Da,Antara Chwdhury,bn,Children's Music,Comic Song,4,0
Aaj Bikeler Dake Tomar Chithi,Banasree Sengupta,bn,Adhunik Bangla,Romantic Modern,0,0
I Just Want You,Caleb Hawley,en,r&b,neo soul,11,1
Heaven,The Blaze,en,edm,electro house,8,1
Jadi Akash Hoto Ankhi,Aarti Mukherji,bn,Bangla Film,Romantic Playback,1,0
Se To Elo Na,Kishore Kumar,bn,Bangla Film,Romantic Playback,1,0
I Need A Lover,John Mellencamp,en,rock,classic rock,13,1
Only Can Get Better (feat. Daniel Merriweather),Silk City,en,latin,tropical,9,1
Halla Cholechhe Juddhe,Kamu Mukherjee|Jahor Roy,bn,Children's Music,Comic Song,4,0
Moner Naam Madhumati,Asha Bhosle,bn,Bangla Film,Romantic Playback,1,0
Do Me Right,Guy,en,r&b,new jack swing,11,1
Dekhore Nayan Melay,Anup Ghoshal,bn,Bangla Folk,Folk Ballad,2,0
Act a Fool,Rick Ross,en,rap,hip hop,12,1
Let Me Love You - Marshmello Remix,DJ Snake,en,rap,trap,12,1
Animals - Radio Edit,Martin Garrix,en,edm,big room,8,1
Shoot Shoot - 2007 Remastered Version,UFO,en,rock,hard rock,13,1
SOS,McClenney,en,r&b,neo soul,11,1
The Boys Are Back In Town,Thin Lizzy,en,rock,hard rock,13,1
Amar Hriday Tomar Aapan Haater Dole (Duet),Arundhati Holme Chowdhury|Santu Mukherjee,bn,Rabindra Sangeet,Tagore Classic,7,0
Dhoronako Shantrimoshai,Anup Ghoshal,bn,Children's Music,Comic Song,4,0
Funky Town,Lipps Inc.,en,pop,post-teen pop,10,1
Abhimane Chole Jeo Na,Manna Dey,bn,Adhunik Bangla,Romantic Modern,0,0
Together Forever,Lisette Melendez,en,latin,latin hip hop,9,1
Tomake Shonate E Gaan,Lata Mangeshkar,bn,Bangla Film,Romantic Playback,1,0
Rock Wit U (Awww Baby),Ashanti,en,r&b,hip pop,11,1
The Way I Are (Dance with Somebody) (feat. Lil Wayne) - Spotify Version,Bebe Rexha,en,r&b,hip pop,11,1
Wherever You Will Go,The Calling,en,rock,album rock,13,1
Kon Pakhi Dhara Dite Chaaye,Hemant Kumar,bn,Bangla Film,Romantic Playback,1,0
Thuilam Re Mon Padmapatay,Asha Bhosle,bn,Bangla Film,Romantic Playback,1,0
Bharaa Thaak Smritisudhaay,Debabrata Biswas,bn,Rabindra Sangeet,Tagore Nostalgia,7,0
Hail Mary,2Pac,en,rap,gangster rap,12,1
Stay,Post Malone,en,pop,indie poptimism,10,1
Jete Jete Pathe Holo,R. D. Burman,bn,Bangla Film,Romantic Playback,1,0
Limelight,Rush,en,rock,classic rock,13,1
Aaj Mon Cheyechhe,Lata Mangeshkar,bn,Bangla Film,Romantic Playback,1,0
Ei Meghla Dine Ekla,Hemant Kumar,bn,Adhunik Bangla,Monsoon Modern,0,0
everything i wanted,Billie Eilish,en,pop,dance pop,10,1
O Tui Nayan Pakhi Amar Re,Lata Mangeshkar,bn,Bangla Film,Romantic Playback,1,0
Angur Angur Chokh,Asha Bhosle,bn,Bangla Film,Romantic Playback,1,0
ghostin,Ariana Grande,en,pop,post-teen pop,10,1
Never Really Over - R3HAB Remix,Katy Perry,en,pop,dance pop,10,1
It's Going Down,South Circle,en,rap,southern hip hop,12,1
Sagar Sangame,Bhupen Hazarika,bn,Adhunik Bangla,Romantic Modern,0,0
"Ore Bondhure, Ore Sathi Re",Kishore Kumar,bn,Bangla Film,Romantic Playback,1,0
Chhinnapatar Sajai Taranee,Sumitra Sen,bn,Rabindra Sangeet,Tagore Classic,7,0
Gharete Bhramar Elo,Sumitra Sen,bn,Rabindra Sangeet,Tagore Classic,7,0
Break Your Heart,Taio Cruz,en,edm,pop edm,8,1
Outta My System,Bow Wow,en,r&b,hip pop,11,1
Mone Porle,Arijit Singh,bn,Adhunik Bangla,Romantic Modern,0,0
Voices In My Head,NIVIRO,en,edm,big room,8,1
Behind Barz - Bonus,Drake,en,rap,hip hop,12,1
Golemale Gole Male Pirit Koiro Na,Purna Das Baul,bn,Bangla Folk,Baul,2,0
Hey Now - Arty Remix,London Grammar,en,edm,progressive electro house,8,1
Tumi Jey Surer Aagun,Indrani Sen,bn,Rabindra Sangeet,Tagore Classic,7,0
Oi Mahasindhur Opar Theke,Manna Dey,bn,Bangla Film,Romantic Playback,1,0
High Pressure Dave,HEALTH,en,pop,electropop,10,1
Paris,Magic Man,en,pop,indie poptimism,10,1
Aasbo Aar Ekdin Aaj Jai,Asha Bhosle,bn,Bangla Film,Romantic Playback,1,0
Dil Dariyar Majhete,Purna Das Baul,bn,Bangla Folk,Baul,2,0
Ami Dukkhake Sukh Bhebe,Kishore Kumar,bn,Bangla Film,Romantic Playback,1,0
Prem Kise Hoy,Asha Bhosle,bn,Bangla Film,Romantic Playback,1,0
Tropic Love,Diviners,en,pop,electropop,10,1
Nohi Jantra,Anup Ghoshal,bn,Children's Music,Comic Song,4,0
Tumi Kon Kananer Phul,Asha Bhosle,bn,Rabindra Sangeet,Tagore Romantic,7,0
Ami Ek Jajabar,Bhupen Hazarika,bn,Adhunik Bangla,Wanderer Song,0,0
O Mor Moyna Go,Lata Mangeshkar,bn,Bangla Folk,Folk Song,2,0
Karma Chameleon,Culture Club,en,pop,electropop,10,1
Thief,Ookay,en,rap,trap,12,1
Do You Think About Me,50 Cent,en,rap,gangster rap,12,1
Mon Bolchhe,Asha Bhosle,bn,Bangla Film,Romantic Playback,1,0
Confessions Part II - Confessions Special Edition Version,Usher,en,r&b,hip pop,11,1
Katoi Ranga Dekhi Duniyay,Amar Pal,bn,Bangla Film,Comic Satire,1,0
Boom Boom Pow,The Black Eyed Peas,en,pop,post-teen pop,10,1
Lean On (feat. MØ & DJ Snake) - Tiësto & MOTi Remix,Major Lazer,en,pop,electropop,10,1
Chinechhi Chinechhi Tomar E Mon,Aarti Mukherji,bn,Bangla Film,Romantic Playback,1,0
Don't Check On Me (feat. Justin Bieber & Ink),Chris Brown,en,latin,latin pop,9,1
Manush Manusher Jannya,Bhupen Hazarika,bn,Bangla Patriotic,Humanist Song,3,0
Time In,Billy Marchiafava,en,rap,trap,12,1
Akaraney Akaley Mor,Debabrata Biswas,bn,Rabindra Sangeet,Tagore Classic,7,0
Tomar Pujar Chhaley,Debabrata Biswas,bn,Rabindra Sangeet,Tagore Devotional,7,0
Love Will Tear Us Apart - 2010 Remaster,Joy Division,en,pop,electropop,10,1
Lullaby - Calvo Remix,Sigala,en,edm,electro house,8,1
BOSS,The Carters,en,r&b,hip pop,11,1
Gahan Megher Chhaya Ghanay,Manna Dey,bn,Adhunik Bangla,Monsoon Modern,0,0
Krishnachura Shon Shon Shon,Lata Mangeshkar,bn,Bangla Film,Romantic Playback,1,0
Chokher Jaler Hoyna Kono Rang,Kishore Kumar,bn,Adhunik Bangla,Melancholic Modern,0,0
Gimme Back My Bullets,Lynyrd Skynyrd,en,rock,classic rock,13,1
Riot Rhythm,Sleigh Bells,en,rock,album rock,13,1
"Rhythm Is A Dancer - 7"" Edit",SNAP!,en,pop,dance pop,10,1
Hear Me Calling,Juice WRLD,en,rap,trap,12,1
Smilin,Demun Jones,en,rap,southern hip hop,12,1
Gharete Bhramar Elo Gunguniye,Arundhati Holme Chowdhury,bn,Adhunik Bangla,Folk-inspired Modern,0,0
Dekhle Kemon Tumi Khel,Kishore Kumar,bn,Bangla Film,Romantic Playback,1,0
Fool's Gold,Jill Scott,en,r&b,neo soul,11,1
Tomate Amate Dekha Hoyechhilo,R. D. Burman,bn,Bangla Film,Romantic Playback,1,0
Tunhu Mamo Monpran Hey (Stereo),Sandhya Mukherjee,bn,Bangla Film,Romantic Playback,1,0
Puttin' On The Ritz - Disco Mix Radio Edit,Taco,en,edm,electro house,8,1
Sever,Red,en,rock,hard rock,13,1
Gucci Gang,Lil Pump,en,rap,gangster rap,12,1
Easy Love - Original Mix,Sigala,en,latin,tropical,9,1
Jana Ajana Pathey Cholechhi,Kishore Kumar|Asha Bhosle,bn,Bangla Film,Duet Playback,1,0
Picture Perfect,Man Overboard,en,pop,post-teen pop,10,1
Pa Ma Ga Re Sa,Lata Mangeshkar,bn,Devotional,Spiritual,5,0
Keno Dure Thako,Hemant Kumar,bn,Bangla Film,Melancholy Playback,1,0
Ke Jay Amritadhamjatri,Ritu Guha,bn,Rabindra Sangeet,Tagore Classic,7,0
Beauty,Dru Hill,en,r&b,urban contemporary,11,1
Southbound,The Allman Brothers Band,en,rock,classic rock,13,1
Fireflies,Owl City,en,pop,post-teen pop,10,1
Torn,LeToya,en,r&b,urban contemporary,11,1
Shyam Roop Dhariya,S. D. Burman,bn,Adhunik Bangla,Romantic Modern,0,0
Honey Dove,Lee Fields & The Expressions,en,r&b,neo soul,11,1
Ki Je Kori Dure Jete Hay,Lata Mangeshkar,bn,Bangla Film,Melancholy Playback,1,0
O Chand Samle Rakho Jochhnake,Manna Dey,bn,Adhunik Bangla,Romantic Modern,0,0
Jodi Kagoje Lekho Naam,Manna Dey,bn,Bangla Film,Romantic Playback,1,0
Catalina Breeze,The Blue Jean Committee,en,rock,permanent wave,13,1
Watching The World,Surahn,en,r&b,neo soul,11,1
Moner Manush :- (Mon Jakhan Jagli Nare and Milan Habe Kata Dine),Dohar,bn,Bangla Folk,Lalon Baul,2,0
Jani Na Se Kon Sudur Pare,Haimanti Shukla,bn,Adhunik Bangla,Romantic Modern,0,0
Dang! (feat. Anderson .Paak),Mac Miller,en,r&b,neo soul,11,1
Homicide (feat. Eminem),Logic,en,rap,hip hop,12,1
The Boys Of Summer,Don Henley,en,rock,album rock,13,1
Tumi Aamar Asha,Kishore Kumar,bn,Bangla Film,Romantic Playback,1,0
Young,The Chainsmokers,en,pop,electropop,10,1
Bojho Na Keno Je,Lata Mangeshkar,bn,Bangla Film,Romantic Playback,1,0
Dure Dure Kachhe Kachhe,Aarti Mukherji,bn,Bangla Film,Melancholy Playback,1,0
Without Me,Eminem,en,rap,southern hip hop,12,1
Take Me Home (feat. Bebe Rexha),Cash Cash,en,edm,progressive electro house,8,1
Meaning of Life,Disturbed,en,rock,hard rock,13,1
Gullah Gullah Island,Dear Silas,en,r&b,urban contemporary,11,1
Love Me Less (feat. Quinn XCII) - Party Pupils Remix,MAX,en,pop,dance pop,10,1
I Never Loved a Man (The Way I Love You),Aretha Franklin,en,r&b,neo soul,11,1
Jhilik Jhilik Jhinuk,Lata Mangeshkar,bn,Bangla Film,Romantic Playback,1,0
OCD (with Dwn2earth),Logic,en,rap,hip hop,12,1
Ore Baba Dekho Cheye,Anup Ghoshal,bn,Children's Music,Comic Song,4,0
Losing U (feat. Daylight) - Radio Edit,Klingande,en,pop,indie poptimism,10,1
Paradise,Demun Jones,en,rap,southern hip hop,12,1
Charon Dhorite Diyo Go (Female),Arundhati Holme Chowdhury,bn,Rabindra Sangeet,Tagore Classic,7,0
Someday,The Strokes,en,rock,permanent wave,13,1
Dive (feat. Cosmos & Creature) (feat. Cosmos & Creature),Attom,en,edm,pop edm,8,1
Sending My Love,Zhané,en,r&b,new jack swing,11,1
No One Knows Who We Are (Radio Edit) (feat. Lights),Kaskade,en,edm,progressive electro house,8,1
Jodi Jante Chao Tumi,Hemant Kumar,bn,Bangla Film,Romantic Playback,1,0
Bootie in Your Face - No Rock Drop,Deorro,en,edm,electro house,8,1
Music,Leela James,en,r&b,neo soul,11,1
Bhalobeshe Dekei Dekho Na,Asha Bhosle,bn,Bangla Film,Romantic Playback,1,0
Get Down,Nas,en,rap,gangster rap,12,1
Peace of Mind,Boston,en,rock,album rock,13,1
Badhu Kon Alo (Part 2),Arundhati Holme Chowdhury,bn,Rabindra Sangeet,Tagore Nature,7,0
Champa Chameli Golaperi Baage,Manna Dey|Sandhya Mukherjee,bn,Bangla Film,Duet Playback,1,0
I Luv It,Jeezy,en,rap,southern hip hop,12,1
Shiter Shishir Bheja Raat,Bhupen Hazarika,bn,Adhunik Bangla,Romantic Modern,0,0
Hey Mor Debota,Debabrata Biswas,bn,Rabindra Sangeet,Tagore Classic,7,0
Putul Putul,Antara Chwdhury,bn,Children's Music,Children's Song,4,0
Got 'Til It's Gone,Janet Jackson,en,r&b,new jack swing,11,1
O Amar Sajani Go,Kishore Kumar|Lata Mangeshkar,bn,Bangla Film,Duet Playback,1,0
Badhu Kon Alo (Part 1),Arundhati Holme Chowdhury,bn,Rabindra Sangeet,Tagore Nature,7,0
Nowhere to Run,Brennan Savage,en,rap,gangster rap,12,1
All Night,Parov Stelar,en,edm,electro house,8,1
Chhande Chhande Gaane Gaane,Asha Bhosle,bn,Bangla Film,Romantic Playback,1,0
Jakhan Porbe Na Mor Payer Chinha,Hemant Kumar,bn,Bangla Film,Romantic Playback,1,0
Go to Sleep Little Baby,Niykee Heaton,en,pop,indie poptimism,10,1
Summiteer,Watch Out Stampede,en,rock,hard rock,13,1
No More,Disturbed,en,rock,hard rock,13,1
Snapping,CHUNG HA,en,pop,dance pop,10,1
Mahabiswey Mahabiswey,Debabrata Biswas,bn,Rabindra Sangeet,Tagore Classic,7,0
Amar Swapna Tumi Ogo,Asha Bhosle|Kishore Kumar,bn,Bangla Film,Romantic Duet,1,0
If The World,Guns N' Roses,en,rock,album rock,13,1
Bristi Bristi Bristi,Lata Mangeshkar,bn,Bangla Film,Romantic Playback,1,0
Kolahal To Baron Holo,Debabrata Biswas,bn,Rabindra Sangeet,Tagore Classic,7,0
Hay Go Amar Mon Mane Na,Asha Bhosle,bn,Bangla Film,Romantic Playback,1,0
Kolkata Kolkata,Bappi Lahiri,bn,Bangla Film,City Travel,1,0
Holy,Jamila Woods,en,r&b,neo soul,11,1
Electric (feat. Khalid),Alina Baraz,en,pop,indie poptimism,10,1
Hurts 2B Human (feat. Khalid) - Midnight Kids Remix,P!nk,en,edm,big room,8,1
"I'm the One (feat. Justin Bieber, Quavo, Chance the Rapper & Lil Wayne)",DJ Khaled,en,latin,latin hip hop,9,1
Emotion,Mia Rodriguez,en,r&b,hip pop,11,1
Flick Of The Wrist - Remastered 2011,Queen,en,rock,album rock,13,1
"Sakhi, Bhabana Kahare Bale",Sumitra Sen,bn,Rabindra Sangeet,Tagore Romantic,7,0
Cot Damn (feat. Ab-Liva & Rosco P. Coldchain),Clipse,en,rap,southern hip hop,12,1
In The Middle,dodie,en,pop,indie poptimism,10,1
Hallucinogenics,Matt Maeson,en,pop,indie poptimism,10,1
Heartbeat,Claptone,en,pop,electropop,10,1
Ether,Nas,en,rap,gangster rap,12,1
GAMES ON YOUR PHONE,24kGoldn,en,r&b,urban contemporary,11,1
Shaon Raate Jodi,Manna Dey,bn,Bangla Film,Romantic Playback,1,0
Naari Charitra Bejaay Jatil,Kishore Kumar,bn,Bangla Film,Romantic Playback,1,0
Love Me Like You Do,Ellie Goulding,en,pop,post-teen pop,10,1
Not Gon' Cry,Mary J. Blige,en,r&b,new jack swing,11,1
E Gaane Prajapati (Stereo),Sandhya Mukherjee,bn,Bangla Film,Light Romantic,1,0
Nagor Amar Kancha Peerit,Asha Bhosle|Shailender Singh,bn,Bangla Film,Duet Playback,1,0
Amar Swapna Je Satyi,Kishore Kumar|Lata Mangeshkar,bn,Bangla Film,Romantic Retro,1,0
Body Parts,Raphael Saadiq,en,r&b,neo soul,11,1
Eto Kachhe Dujane,Kishore Kumar,bn,Bangla Film,Romantic Playback,1,0
On Top Of The World,Imagine Dragons,en,latin,latin hip hop,9,1
Shake Whatcha Mama Gave Ya',Poison Clan,en,rap,southern hip hop,12,1
"Aar Nai Re Bela, Namlo Chhaya",Sumitra Sen,bn,Rabindra Sangeet,Tagore Classic,7,0
Amay Nahe Go,Feroza Begum,bn,Nazrul Geeti,Nazrul Romantic,6,0
Ei Je Heri Go Debi Amari,Hemant Kumar,bn,Bangla Film,Romantic Playback,1,0
Don't Stop Me Now - 2011 Mix,Queen,en,rock,album rock,13,1
SOS - Laidback Luke Tribute Remix / Radio Edit,Avicii,en,pop,dance pop,10,1
Move To The City - Live In Japan / 1992,Guns N' Roses,en,rock,album rock,13,1
Be the One,Dua Lipa,en,pop,electropop,10,1
Ek Tanete Jemon Temon,Kishore Kumar|Swapan Chakraborty,bn,Bangla Folk,Folk-inspired Light,2,0
The Flute Song,Russ,en,rap,hip hop,12,1
Phire Elam Dure Giye,Asha Bhosle|R. D. Burman,bn,Bangla Film,Duet Playback,1,0
Tomari Chalar Pathe,Asha Bhosle,bn,Bangla Film,Romantic Playback,1,0
Sweet November,Troop,en,r&b,new jack swing,11,1
Sei Raate Raat Chhilo Purnima,Kishore Kumar,bn,Adhunik Bangla,Romantic Modern,0,0
679 (feat. Remy Boyz),Fetty Wap,en,rap,hip hop,12,1
Din Khon Mapa Ache,Arijit Singh,bn,Adhunik Bangla,Romantic Modern,0,0
Odessa,Caribou,en,pop,dance pop,10,1
Adios,Kim Viera,en,latin,latin pop,9,1
Beat Of My Drum,POWERS,en,pop,indie poptimism,10,1
I Need Love,LL Cool J,en,r&b,new jack swing,11,1
O Amar Pran Sajani (Champabothi Kanya),Lata Mangeshkar,bn,Bangla Film,Romantic Playback,1,0
Apollo - Radio Edit,Hardwell,en,edm,progressive electro house,8,1
Remember the Name (feat. Styles of Beyond),Fort Minor,en,rock,hard rock,13,1
Phul Phute Jhore Jaay,Asha Bhosle,bn,Bangla Film,Romantic Playback,1,0
Esse Chhile Tobu,Debabrata Biswas,bn,Rabindra Sangeet,Tagore Classic,7,0
Be Like You,CVBZ,en,latin,tropical,9,1
Ek Din Pakhi Ure Jabe,Kishore Kumar,bn,Bangla Film,Romantic Playback,1,0
Maharaja Tomarey Shelam,Anup Ghoshal|Rabi Ghosh,bn,Children's Music,Fantasy Song,4,0
Onek Khujechi Khuje Payine,Mohammad Aziz,bn,Bangla Film,Romantic Playback,1,0
Who I Am,Wage War,en,rock,hard rock,13,1
Aar Ki Tomay Chharchhi,Asha Bhosle|R. D. Burman,bn,Adhunik Bangla,Romantic Modern,0,0
This Love - Acoustic,Maroon 5,en,latin,latin pop,9,1
We Are Never Ever Getting Back Together,Taylor Swift,en,pop,post-teen pop,10,1
Where The Hood At,DMX,en,rap,gangster rap,12,1
Don't Be Afraid,Aaron Hall,en,r&b,new jack swing,11,1
Ami Nei Ami Nei,Kishore Kumar,bn,Adhunik Bangla,Melancholic Modern,0,0
Na Na Jeo Na,Manna Dey,bn,Bangla Film,Melancholy Playback,1,0
Party Rock Anthem,LMFAO,en,pop,post-teen pop,10,1
Ami Tomay Jato Shuniyechhilem Gaan,Hemant Kumar,bn,Bangla Film,Romantic Playback,1,0
3 Nights,Dominic Fike,en,latin,latin pop,9,1
Me and My Downfall,DeeExpus,en,rock,album rock,13,1
Jodi Jante Chao Tumi,Hemant Kumar,bn,Bangla Film,Romantic Playback,1,0
Jete Jete Pathe Holo,R. D. Burman,bn,Bangla Film,Romantic Playback,1,0
Hella Neck,Carnage,en,rap,hip hop,12,1
Pon De Floor,Major Lazer,en,latin,latin hip hop,9,1
Diner Shese Ghumer Deshe,Hemant Kumar,bn,Bangla Film,Romantic Playback,1,0
Mon Janala Khule Dena,Kishore Kumar,bn,Adhunik Bangla,Romantic Modern,0,0
That's Why (You Go Away) - 2014 Remastered Version,Michael Learns To Rock,en,rock,album rock,13,1
Stellar,Jamila Woods,en,r&b,neo soul,11,1
Pora Banshi Shunle E Mon,Asha Bhosle,bn,Adhunik Bangla,Folk-inspired Modern,0,0
Shamla Gaanyer Kajla Meye,Hemant Kumar|Aarti Mukherji,bn,Bangla Film,Duet Playback,1,0
747,Bill Callahan,en,r&b,hip pop,11,1
Lovergirl,Teena Marie,en,r&b,urban contemporary,11,1
Naam Amar Kishore Kumar Ganguly,Kishore Kumar,bn,Adhunik Bangla,Tribute Song,0,0
Whyyawannabringmedown,Aranda,en,rock,hard rock,13,1
Pray to God - R3hab Remix,Calvin Harris,en,edm,big room,8,1
Beshi Ki Boli Jakhon Boli,Bappi Lahiri|Asha Bhosle,bn,Bangla Film,Duet Playback,1,0
Did You Ever Think - Remix - Radio Edit,R. Kelly,en,r&b,new jack swing,11,1
Eenie Meenie,Justin Bieber,en,latin,latin hip hop,9,1
Mon Tomar Ei Bhram Gelo Na,Panna Lal Bhattacharjee,bn,Devotional,Spiritual,5,0
More Than You Know,Axwell /\ Ingrosso,en,pop,dance pop,10,1
Who Needs Love,Trippie Redd,en,rap,trap,12,1
Killing In The Name,Rage Against The Machine,en,rock,permanent wave,13,1
Glow - JSapp Remix,Britt Nicole,en,edm,progressive electro house,8,1
Paranoid,Black Sabbath,en,rock,classic rock,13,1
Make tha Trap Say Aye (feat. Gucci Mane),OJ Da Juiceman,en,rap,southern hip hop,12,1
Sajani Go Premer Katha,R. D. Burman,bn,Bangla Film,Romantic Playback,1,0
Kine De Reshmi Churi,Asha Bhosle,bn,Bangla Film,Romantic Playback,1,0
Naam Rekhechhi Bonolata,Shyamal Mitra,bn,Adhunik Bangla,Romantic Modern,0,0
Purano Sei Diner,Debabrata Biswas,bn,Rabindra Sangeet,Tagore Nostalgia,7,0
Crazy On You,Heart,en,rock,hard rock,13,1
2 Of Amerikaz Most Wanted,2Pac,en,rap,southern hip hop,12,1
Na Na Kache Eso Na,Lata Mangeshkar,bn,Bangla Film,Romantic Playback,1,0
Bhulo Na Pratham Se Din,Lata Mangeshkar,bn,Bangla Film,Romantic Playback,1,0
Khelbo Holi Rang Debo Na,Asha Bhosle|Kavita Krishnamurthy,bn,Bangla Film,Duet Playback,1,0
Kato Naree Achhe E Gokule,Asha Bhosle|Kishore Kumar|Tanuja,bn,Bangla Film,Comic Folk-Film,1,0
Sunshine (feat. Lea) - Explicit Album Version,Lil' Flip,en,rap,hip hop,12,1
High On Life (feat. Bonn),Martin Garrix,en,pop,dance pop,10,1
Invisible Touch - 2007 Remaster,Genesis,en,rock,album rock,13,1
Animal Instinct,The Cranberries,en,rock,album rock,13,1
Chanchal Moyuri E Raat,Lata Mangeshkar,bn,Bangla Film,Romantic Playback,1,0
Rehab,Amy Winehouse,en,r&b,neo soul,11,1
I Need A Hot Girl,Hot Boys,en,rap,hip hop,12,1
Kaharba Noy Dadra Bajao,Manna Dey,bn,Bangla Film,Romantic Playback,1,0
Still Frame,Trapt,en,rock,hard rock,13,1
Namo Mata Saraswati,Sandhya Mukherjee|Tarun Banerjee|Aarti Mukherji,bn,Bangla Film,Duet Playback,1,0
2U (feat. Justin Bieber),David Guetta,en,pop,electropop,10,1
Paradise,Rex Orange County,en,pop,indie poptimism,10,1
Your Love,Tom Misch,en,r&b,neo soul,11,1
Bring Da Ruckus,Wu-Tang Clan,en,rap,southern hip hop,12,1
Kon Bhiruke Bhoy Dekhabi,Suchitra Mitra,bn,Rabindra Sangeet,Tagore Classic,7,0
Over And Over,Sylvester,en,edm,progressive electro house,8,1
Ke Jabi Aay,Lata Mangeshkar,bn,Bangla Film,Romantic Playback,1,0
I Wonder if I Take You Home,Full Force,en,r&b,new jack swing,11,1
Cigarette Naho Tumi Swet-Pari,Kishore Kumar,bn,Bangla Film,Romantic Playback,1,0
Emotionless,Drake,en,r&b,hip pop,11,1
Aami Dasyir Sathey Kori Dosti,Manna Dey,bn,Bangla Film,Romantic Playback,1,0
Sedino Akashe Chhilo Kato Tara,Kishore Kumar,bn,Adhunik Bangla,Nostalgic Modern,0,0
Susie Q - Single Version,Creedence Clearwater Revival,en,rock,hard rock,13,1
Down 4 Whateva,Nuttin' Nyce,en,r&b,new jack swing,11,1
Before You Go,Lewis Capaldi,en,pop,post-teen pop,10,1
Burden,TENDER,en,pop,indie poptimism,10,1
Cars,Gary Numan,en,rock,permanent wave,13,1
Eureka Eureka,Kishore Kumar|Ranu Mukherjee|Chorus,bn,Bangla Film,Duet Playback,1,0
Oi Padma Chokher Neel Jamunay,Shyamal Mitra,bn,Adhunik Bangla,Romantic Modern,0,0
Chole Jete Jete Din,Lata Mangeshkar,bn,Adhunik Bangla,Melancholic Modern,0,0
Bare Bare Ke Jeno Dake,Manabendra Mukherjee,bn,Adhunik Bangla,Romantic Modern,0,0
In My Life - Remastered 2009,The Beatles,en,rock,classic rock,13,1
Najar Diyo Na,Kishore Kumar,bn,Adhunik Bangla,Playful Modern,0,0
No Right To Love You - Acoustic,Rhys Lewis,en,r&b,urban contemporary,11,1
Ami Je Jalsaghare,Manna Dey,bn,Bangla Film,Romantic Playback,1,0
West End Girls - 2001 Remaster,Pet Shop Boys,en,rock,permanent wave,13,1
I'm Blessed,Charlie Wilson,en,r&b,urban contemporary,11,1
Phote Je Rakta Golap,Kishore Kumar,bn,Bangla Film,Romantic Playback,1,0
Days Gone By,Van Morrison,en,rock,classic rock,13,1
This Is What It Feels Like,Armin van Buuren,en,edm,progressive electro house,8,1
Between The Devil And The Deep Blue Sea,George Harrison,en,rock,permanent wave,13,1
O Bideshi Bandhu,Bhupen Hazarika,bn,Adhunik Bangla,Urban Modern,0,0
Runaway,Halcyon,en,latin,tropical,9,1
Hai Re Poda Banshi,Lata Mangeshkar,bn,Bangla Film,Romantic Playback,1,0
Tapur Tupur Sara Dupur,Aarti Mukherji,bn,Bangla Film,Romantic Playback,1,0
Aamar Swapna Je,Lata Mangeshkar|Kishore Kumar,bn,Bangla Film,Romantic Retro,1,0
Aayre Chhute Aai,Antara Chwdhury,bn,Children's Music,Comic Song,4,0
Banshi Keno Hai,Lata Mangeshkar,bn,Bangla Film,Romantic Playback,1,0
Tumi Jodi Thaktey,Kumar Sanu,bn,Bangla Film,Romantic Playback,1,0
Closely,August Roads,en,pop,indie poptimism,10,1
God Is a DJ,Faithless,en,pop,dance pop,10,1
High And Dry,Radiohead,en,pop,indie poptimism,10,1
Aaha Ki Darun Dekhtey,Kishore Kumar,bn,Bangla Film,Romantic Playback,1,0
Chand Aar Shurjo,Alka Yagnik,bn,Bangla Film,Romantic Playback,1,0
Oi Dustu Chokher Mishti Hasi,Sandhya Mukherjee|Hemant Kumar,bn,Bangla Film,Duet Playback,1,0
Tare Ami Chokhe Dekhini,Kishore Kumar,bn,Adhunik Bangla,Mystical Modern,0,0
Let's Wait Awhile,Janet Jackson,en,r&b,new jack swing,11,1
Ektuku Chhonwa Lage,Kishore Kumar,bn,Bangla Film,Romantic Playback,1,0
Speechless (feat. Erika Sirola) - MOTi Remix,Robin Schulz,en,pop,dance pop,10,1
Tobu Bole Keno Sahasai,Kishore Kumar,bn,Bangla Film,Romantic Playback,1,0
Din Jaye Raat Jaye,Anuradha Paudwal,bn,Devotional,Bhajan,5,0
Don't Worry Bout Me - Alle Farben Remix,Zara Larsson,en,pop,dance pop,10,1
This Ain't My Day,Fredro Starr,en,rap,southern hip hop,12,1
Tomay Porechhe Mone,Kishore Kumar,bn,Adhunik Bangla,Romantic Modern,0,0
Ami Mon Diye Chi,Asha Bhosle,bn,Bangla Film,Romantic Playback,1,0
Saat Sakaale,Lata Mangeshkar,bn,Bangla Film,Romantic Playback,1,0
Nadir Paare Uthchhe Dhonya,R. D. Burman,bn,Bangla Film,Romantic Playback,1,0
Faded - Dash Berlin Remix,Alan Walker,en,pop,electropop,10,1
Hey Jealousy,Gin Blossoms,en,rock,permanent wave,13,1
Dekhe Elam Ruper Agun,Manna Dey,bn,Bangla Film,Romantic Playback,1,0
Silhouettes - Original Radio Edit,Avicii,en,edm,pop edm,8,1
You & Me - Flume Remix,Disclosure,en,rap,trap,12,1
In The Lap Of The Gods... Revisited - Remastered 2011,Queen,en,rock,album rock,13,1
Back In Black,AC/DC,en,pop,post-teen pop,10,1
Bia' Bia',Lil Jon,en,rap,southern hip hop,12,1
Intoxicated - Radio Edit,Martin Solveig,en,pop,electropop,10,1
Tomari Jharnatalar Nirjane,Asha Bhosle,bn,Bangla Film,Romantic Playback,1,0
Every Little Thing I Do - Remix,Soul For Real,en,r&b,new jack swing,11,1
Kali Yuga,Ghostemane,en,rap,gangster rap,12,1
High School Dropout,Neon Dreams,en,pop,electropop,10,1
Aakash Bhara,Debabrata Biswas,bn,Rabindra Sangeet,Tagore Nature,7,0
But God,Isaac Carree,en,r&b,neo soul,11,1
Aaro Bhalo Hoto,Hemant Kumar,bn,Bangla Film,Romantic Playback,1,0
Keu Jane Na Tumi Je Amar,R. D. Burman,bn,Bangla Film,Romantic Playback,1,0
Aaj Milan Tithir Purnima Chand,Kishore Kumar,bn,Bangla Film,Romantic Retro,1,0
Candy Rain,Soul For Real,en,r&b,new jack swing,11,1
Ei Brishtite Bhije Mati,Manna Dey|Lata Mangeshkar,bn,Bangla Folk,Regional Folk,2,0
Hridayer Gaan Shikhe To Gaay Go Sabai,Manna Dey,bn,Adhunik Bangla,Philosophical Modern,0,0
Black Horse And The Cherry Tree,KT Tunstall,en,rock,album rock,13,1
Another Day,Paul McCartney,en,rock,album rock,13,1
Bandha Moner Duar Diyechhi,Asha Bhosle,bn,Bangla Film,Romantic Playback,1,0
All or Nothing - Sultan + Shepard Remix,Lost Frequencies,en,latin,tropical,9,1
Stay (Electro Swing Remix),11 Acorn Lane,en,edm,electro house,8,1
Easy Love,Sigala,en,latin,tropical,9,1
Aay Khuku Aay (Keta Na Somay),Hemant Kumar|Sravanti Mazumder,bn,Bangla Film,Duet Playback,1,0
Jabar Belay Pichhu Theke,Lata Mangeshkar,bn,Bangla Film,Romantic Playback,1,0
Jani Jani Tumi Esechho E Pathe,Sudeshna Chatterjee,bn,Adhunik Bangla,Romantic Modern,0,0
Na Chahile Jare Paoya Jaay - Manna Dey,Manna Dey,bn,Bangla Film,Romantic Playback,1,0
Sabar Aarale,Lata Mangeshkar,bn,Bangla Film,Romantic Playback,1,0
Slow Ride,Foghat,en,rock,classic rock,13,1
I Gotta Clean Up,Marvin Sease,en,rap,southern hip hop,12,1
You Really Got Me,Van Halen,en,rock,classic rock,13,1
The One - Radio Edit,Jorja Smith,en,r&b,neo soul,11,1
Before You Hit The Ground,Jonny Lang,en,rock,classic rock,13,1
slow motion,flor,en,pop,indie poptimism,10,1
Ami Je Ke Tomar,Lata Mangeshkar,bn,Bangla Film,Romantic Playback,1,0
Tomar Kaache Jabo,Alka Yagnik,bn,Bangla Film,Romantic Playback,1,0
Coffee Houser Sei Addata Aaj Aar Nei,Manna Dey,bn,Adhunik Bangla,Urban Nostalgia,0,0
Tari:- (Ebar Tor Mora Gange and Samal Samal Samal),Dohar,bn,Bangla Folk,Regional Folk,2,0
Limitless - Radio Mix,BURNS,en,edm,progressive electro house,8,1
Rattle Your Cage,Skrizzly Adams,en,rock,classic rock,13,1
Shono Mon Boli Tomay,R. D. Burman,bn,Adhunik Bangla,Philosophical Modern,0,0
Tui Ki Amar Putul Putul,Manna Dey,bn,Children's Music,Children's Song,4,0
Praaney Gaan Naai,Indrani Sen,bn,Rabindra Sangeet,Tagore Classic,7,0
Aami Ekjon Saanto Sishto,Kishore Kumar,bn,Bangla Film,Romantic Playback,1,0
Jekyll and Hyde,Five Finger Death Punch,en,rock,hard rock,13,1
High Rises,CHIKA,en,rap,hip hop,12,1
Bujhbe Na Keu Bujhbe Na,Lata Mangeshkar,bn,Bangla Film,Romantic Playback,1,0
E Monihar Amay,Debabrata Biswas,bn,Rabindra Sangeet,Tagore Classic,7,0
Ek Din Pakhi Ure Jabe,Kishore Kumar,bn,Bangla Film,Romantic Playback,1,0
No Fear (feat. Donna Missal),Rudimental,en,edm,electro house,8,1
With You,Tony Terry,en,r&b,new jack swing,11,1
Keno Re Tui Chorli,Kishore Kumar,bn,Adhunik Bangla,Melancholic Modern,0,0
Jabo Ki Jabo Na,Asha Bhosle,bn,Bangla Film,Romantic Playback,1,0
Would You Mind,PRETTYMUCH,en,r&b,hip pop,11,1
Roses,BJ The Chicago Kid,en,r&b,neo soul,11,1
Aamar Moner Kato Sukh Niye,Mukesh,bn,Bangla Film,Romantic Playback,1,0
Chokhe Chokhe Katha Balo,Asha Bhosle,bn,Bangla Film,Romantic Playback,1,0
Jete Dao Amay Dekona,Asha Bhosle,bn,Bangla Film,Romantic Playback,1,0
Forever Live My Name,Lil Rob,en,latin,latin hip hop,9,1
Bidhir Bandhan Katbe Tumi,Kishore Kumar,bn,Bangla Film,Romantic Playback,1,0
Balo Ki Achhe Go,R. D. Burman,bn,Bangla Film,Romantic Duet,1,0
Take Me Out,Franz Ferdinand,en,rock,permanent wave,13,1
Heroes (we could be),Alesso,en,pop,dance pop,10,1
To Cut a Long Story Short - 2010 Remaster,Spandau Ballet,en,rock,permanent wave,13,1
Tung Tung Tung,C.L.T.,bn,Adhunik Bangla,Romantic Modern,0,0
Bandhagharer Andhakare,Asha Bhosle|Kishore Kumar,bn,Adhunik Bangla,Philosophical Modern,0,0
Let You Know - Nathan C Remix,Flume,en,edm,progressive electro house,8,1
Ei Korechho Bhalo,Hemant Kumar,bn,Bangla Film,Romantic Playback,1,0
Se To Elo Na,Kishore Kumar,bn,Bangla Film,Romantic Playback,1,0
Somebody That I Used To Know - 4FRNT Remix,Gotye,en,edm,pop edm,8,1
Upgraded,Capital Kings,en,edm,progressive electro house,8,1
Phule Gandha Nei,Asha Bhosle,bn,Bangla Film,Melancholy Playback,1,0
Nightrain,Guns N' Roses,en,rock,album rock,13,1
Redbone,Childish Gambino,en,r&b,urban contemporary,11,1
Bahudiner Agete Godhulir Belate,Bhupen Hazarika,bn,Adhunik Bangla,Romantic Modern,0,0
E Ki Chanchalata Jage,Hemant Kumar,bn,Bangla Film,Romantic Playback,1,0
The Voices,dreamEater,en,rap,trap,12,1
24K Magic - R3hab Remix,Bruno Mars,en,edm,pop edm,8,1
Aaro Katodin Ami Khunjechhi Tomake,Aarti Mukherji,bn,Bangla Film,Romantic Playback,1,0
Tilt,Scott Walker,en,rock,permanent wave,13,1
Where The Hood At,DMX,en,rap,gangster rap,12,1
Barracuda,Heart,en,rock,classic rock,13,1
Rai Jago Rai Jago Bole,Amar Pal,bn,Bangla Folk,Polli Geeti,2,0
Neighbour,Verses,en,pop,dance pop,10,1
Ek Je Chhilo Maachhi,Antara Chwdhury,bn,Children's Music,Children's Song,4,0
Almeda,Solange,en,r&b,neo soul,11,1
Don't Cry (Original),Guns N' Roses,en,rock,classic rock,13,1
Flash Funk (feat. Marshmello),League of Legends,en,edm,big room,8,1
Bhuter Raja Dilo Bor,Anup Ghoshal|Rabi Ghosh,bn,Children's Music,Fantasy Film Song,4,0
Get to You Again,Mac Ayres,en,r&b,neo soul,11,1
Nadir Paare Uthchhe Dhonya,R. D. Burman,bn,Bangla Film,Romantic Playback,1,0
Women Who Look Like You (feat. Guapdad 4000),JP Saxe,en,r&b,urban contemporary,11,1
Kana Machhi Bhon Bhon,Antara Chwdhury|Sabita Chowdhury,bn,Children's Music,Comic Song,4,0
Phire Eso Anuradha,R. D. Burman,bn,Bangla Film,Romantic Playback,1,0
Shono Mon Boli Tomay,R. D. Burman,bn,Adhunik Bangla,Philosophical Modern,0,0
Stay,David Guetta,en,edm,progressive electro house,8,1
Sajani Go Premer Katha,R. D. Burman,bn,Bangla Film,Romantic Playback,1,0
CAN YOU HEAR ME NOW?,Bishop Briggs,en,rock,permanent wave,13,1
Blue Lights,Jorja Smith,en,r&b,urban contemporary,11,1
Tomar Akash Duti Chokhe,Nirmal Mishra,bn,Adhunik Bangla,Romantic Modern,0,0
Bolchi Tomar Kane Kane- Female,Lata Mangeshkar,bn,Bangla Film,Romantic Solo,1,0
Opare Thakbo Ami,Kishore Kumar,bn,Bangla Film,Romantic Playback,1,0
Dak Pathale Kaal Sakale,Asha Bhosle|R. D. Burman,bn,Bangla Film,Duet Playback,1,0
Inside the Lines (feat. Casso),Mike Perry,en,latin,tropical,9,1
Patek Water,Future,en,rap,gangster rap,12,1
Kajol Kajol Chokhe,Geeta Dutt|Hemant Kumar,bn,Bangla Film,Duet Playback,1,0
"Barne, Gandhe, Chhande, Gitite",S. D. Burman,bn,Adhunik Bangla,Romantic Modern,0,0
Miss You Much,Janet Jackson,en,r&b,new jack swing,11,1
How Sweet It Is (To Be Loved by You),James Taylor,en,rock,classic rock,13,1
Ek Din Aaro Gelo,Kishore Kumar,bn,Bangla Film,Romantic Playback,1,0
Check Yo Self - Remix,Ice Cube,en,rap,southern hip hop,12,1
I Think of You,Sandra Lynn,en,r&b,neo soul,11,1
Feels - Jai Wolf Remix,Kiiara,en,pop,indie poptimism,10,1
Eshe Hirok Deshe,Anup Ghoshal,bn,Children's Music,Comic Song,4,0
Kar Milano Chao Birahi,Indrani Sen,bn,Rabindra Sangeet,Tagore Classic,7,0
Burn - Original Mix,KSHMR,en,edm,electro house,8,1
Make Me Wanna Die,The Pretty Reckless,en,rock,hard rock,13,1
Jeevanamaraner,Debabrata Biswas,bn,Rabindra Sangeet,Tagore Devotional,7,0
Motor City Madhouse - Edit,Ted Nugent,en,rock,hard rock,13,1
Shudhu Bhalobasha Diye,Hemant Kumar,bn,Adhunik Bangla,Romantic Modern,0,0
Titanium (feat. Sia),David Guetta,en,pop,post-teen pop,10,1
Everything and More (feat. Aaron Cole),Hollyn,en,pop,dance pop,10,1
Ja Ja Ja Bhule Ja,Lata Mangeshkar,bn,Bangla Film,Melancholy Playback,1,0
Stutter,Marianas Trench,en,pop,post-teen pop,10,1
MMMBop,Hanson,en,rock,permanent wave,13,1
It's Alright,Jodeci,en,r&b,new jack swing,11,1
Ki Gabo Ami Ki Shunabo,Aarti Mukherji,bn,Bangla Film,Romantic Playback,1,0
Chokhe Naame Brishti,Asha Bhosle,bn,Bangla Film,Romantic Playback,1,0
Don't Give Up,Chicane,en,edm,progressive electro house,8,1
Ek Baishakhe Dekha Holo Dujanay,Aarti Mukherji,bn,Bangla Film,Romantic Playback,1,0
Baro Eka Laage,Manna Dey,bn,Bangla Film,Melancholy Playback,1,0
Shai Pakhitar,Alka Yagnik,bn,Bangla Film,Romantic Playback,1,0
Panic Room,Au/Ra,en,edm,progressive electro house,8,1
Thursday,Leven Kali,en,r&b,neo soul,11,1
Sukno Patar Nupur Paye,Feroza Begum,bn,Nazrul Geeti,Nazrul Romantic,6,0
Beautiful Life,Lost Frequencies,en,pop,indie poptimism,10,1
Shower the People,James Taylor,en,rock,classic rock,13,1
Ami To Tomar Chirodiner Hnasi Kannar Sathi,Nirmal Mishra,bn,Adhunik Bangla,Romantic Modern,0,0
Freefall,Camel,en,rock,album rock,13,1
Je Khanei Thako Sukhe Thako,Asha Bhosle,bn,Bangla Film,Romantic Playback,1,0
Hey Nutan Dekha Dik Aar-Bar,Swagatalakshmi Dasgupta,bn,Rabindra Sangeet,Tagore Classic,7,0
Do Me!,Bell Biv DeVoe,en,r&b,new jack swing,11,1
Die For You,Red,en,rock,hard rock,13,1
Amay Bolo Na Gahite,Suchitra Mitra,bn,Rabindra Sangeet,Tagore Classic,7,0
In the Morning (feat. Syd & Thundercat),Mac Miller,en,r&b,hip pop,11,1
For Life (feat. Clint Lowery),3 Years Hollow,en,rock,hard rock,13,1
Lockjaw (feat. Kodak Black),French Montana,en,rap,gangster rap,12,1
Deko Naa Aamarey,Indrani Sen,bn,Rabindra Sangeet,Tagore Classic,7,0
Bang Bang,YNW Melly,en,rap,hip hop,12,1
On GOD (with YG & Tyga feat. A$AP Ferg & A$AP Rocky),Mustard,en,rap,hip hop,12,1
Khub Chena Chena Mukhkhani,Asha Bhosle,bn,Bangla Film,Romantic Playback,1,0
Hay Re Kala Eki Jwala,Asha Bhosle,bn,Bangla Film,Romantic Playback,1,0
Mork,The Bloody Beetroots,en,edm,electro house,8,1
Coffee Houser Sei Addata Aaj Aar Nei,Manna Dey,bn,Adhunik Bangla,Urban Nostalgia,0,0
Ore Amar Mon,Dwijen Mukherjee,bn,Adhunik Bangla,Romantic Modern,0,0
Baro Asha Kore Esechhi Go,Arundhati Holme Chowdhury|Hemant Kumar,bn,Rabindra Sangeet,Tagore Classic,7,0
Feelin' Alright?,Traffic,en,rock,classic rock,13,1
Body Language (feat. Usher & Tinashe),Kid Ink,en,pop,post-teen pop,10,1
Raat Je Madhumati,Asha Bhosle,bn,Bangla Film,Romantic Playback,1,0
Kichhu To Chahini Ami,Lata Mangeshkar,bn,Bangla Film,Romantic Playback,1,0
My Way,Limp Bizkit,en,rock,hard rock,13,1
Love My Way,The Psychedelic Furs,en,rock,permanent wave,13,1
Tomar Dake Sara Dite,Aarti Mukherji,bn,Bangla Film,Romantic Playback,1,0
Dil Dariyar Majhete,Purna Das Baul,bn,Bangla Folk,Baul,2,0
"O,sona Byang",Antara Chwdhury,bn,Children's Music,Children's Song,4,0
Where I Won't Be Found,Seven Lions,en,edm,pop edm,8,1
Heart Don't Stand a Chance,Anderson .Paak,en,r&b,urban contemporary,11,1
Still Alive,Prison,en,rock,hard rock,13,1
Tainted Love,Soft Cell,en,rock,classic rock,13,1
Somethin Out of Nothin' (feat. Saara Maria),Joomanji,en,r&b,neo soul,11,1
Andhakarer Ei Raater Sheshe,Kishore Kumar,bn,Bangla Film,Romantic Playback,1,0
Fangirl,Lil Peep,en,r&b,urban contemporary,11,1
Na Mon Lage Na,Lata Mangeshkar,bn,Bangla Film,Romantic Retro,1,0
Mukhe Bolleye Prem Hoye Na,Alka Yagnik,bn,Bangla Film,Romantic Playback,1,0
Bhalobese Sakhi Nibhrite Jatane,Chinmoy Chatterjee,bn,Rabindra Sangeet,Tagore Nature,7,0
Ma Tui Amay Daya Korbi Ki Na Bal,Manna Dey,bn,Devotional,Spiritual,5,0
Jodi Bhabo Bhalobeshe,Alka Yagnik,bn,Bangla Film,Romantic Playback,1,0
Habuchandra Raja,Antara Chwdhury,bn,Children's Music,Fantasy Song,4,0
MONOMANIA,The Word Alive,en,rock,hard rock,13,1
Ka Phonta Chokher Jal Phelechho,Manna Dey,bn,Adhunik Bangla,Melancholic Modern,0,0
Loyal,ODESZA,en,rap,trap,12,1
Keno Je Kandao Bare Bare,Lata Mangeshkar,bn,Bangla Film,Romantic Playback,1,0
Stitches,Shawn Mendes,en,pop,post-teen pop,10,1
Morning Starship,Morrissey,en,rock,classic rock,13,1
Last Request,Paolo Nutini,en,rock,album rock,13,1
Ami Cholte Cholte Theme Gechhi,Lata Mangeshkar,bn,Bangla Film,Romantic Playback,1,0
"Rangini Kato Mon, Mon Dite Chay",Manna Dey,bn,Adhunik Bangla,Romantic Modern,0,0
