track_name,track_artist,language,playlist_genre,playlist_subgenre,genre_encoded,language_encoded,beta_vae_tuned_beta1_kmeans_cluster
Aaj Ei Dintake,Kishore Kumar,bn,Bangla Film,Retro Film Melody,1,0,2
Amar Swapna Tumi Ogo,Asha Bhosle|Kishore Kumar,bn,Bangla Film,Romantic Duet,1,0,9
Ami Chini Go Chini Tomare,Kishore Kumar,bn,Rabindra Sangeet,Tagore Romantic,7,0,8
Purano Sei Diner,Debabrata Biswas,bn,Rabindra Sangeet,Tagore Nostalgia,7,0,2
Aamar Pujar Phool,Kishore Kumar,bn,Adhunik Bangla,Romantic Modern,0,0,9
Se Jeno Aamar Pashe,Kishore Kumar,bn,Adhunik Bangla,Romantic Modern,0,0,9
Mone Pore Ruby Roy,R. D. Burman,bn,Adhunik Bangla,Urban Nostalgia,0,0,0
Coffee Houser Sei Addata Aaj Aar Nei,Manna Dey,bn,Adhunik Bangla,Urban Nostalgia,0,0,2
Sei Raate Raat Chhilo Purnima,Kishore Kumar,bn,Adhunik Bangla,Romantic Modern,0,0,2
Ei Path Jodi Na Shes Hoy,Sandhya Mukherjee|Hemant Kumar,bn,Bangla Film,Romantic Duet,1,0,8
Tumi Kon Kananer Phul,Asha Bhosle,bn,Rabindra Sangeet,Tagore Romantic,7,0,0
Amar Swapna Je Satyi,Kishore Kumar|Lata Mangeshkar,bn,Bangla Film,Romantic Retro,1,0,2
Nayan Sarasi Keno Bhoreche Jaale,Kishore Kumar,bn,Adhunik Bangla,Melancholic Modern,0,0,2
Jodi Hoi Chorkanta,Asha Bhosle|Kishore Kumar,bn,Bangla Film,Romantic Retro,1,0,8
Mon-Majhi Re,R. D. Burman,bn,Bangla Folk,Folk-inspired Modern,2,0,9
Tare Ami Chokhe Dekhini,Kishore Kumar,bn,Adhunik Bangla,Mystical Modern,0,0,0
Aamar Bhalobasar Rajprasade,Manna Dey,bn,Adhunik Bangla,Romantic Modern,0,0,9
Aaj Milan Tithir Purnima Chand,Kishore Kumar,bn,Bangla Film,Romantic Retro,1,0,9
Jakhan Keu Amake Pagol Bale,Manna Dey,bn,Adhunik Bangla,Philosophical Modern,0,0,5
Coffee Houser Sei Addata Aaj Aar Nei,Manna Dey,bn,Adhunik Bangla,Urban Nostalgia,0,0,11
Chokher Jaler Hoyna Kono Rang,Kishore Kumar,bn,Adhunik Bangla,Melancholic Modern,0,0,2
Chirodini Tumi Je Aamar- Male,Kishore Kumar,bn,Bangla Film,Romantic Film Ballad,1,0,2
Jani Tomar Premer Jogyo Ami To Noi,Manna Dey,bn,Adhunik Bangla,Melancholic Modern,0,0,2
Bandhagharer Andhakare,Asha Bhosle|Kishore Kumar,bn,Adhunik Bangla,Philosophical Modern,0,0,12
O Chand Samle Rakho Jochhnake,Manna Dey,bn,Adhunik Bangla,Romantic Modern,0,0,0
Na Na Na Kachhe Esona,Asha Bhosle|S. P. Balasubrahmanyam,bn,Bangla Film,Playful Romantic,1,0,0
Sundari Go Dohai Dohai,Manna Dey,bn,Bangla Film,Playful Folk-Film,1,0,9
Asha Chhilo Bhalobasa Chhilo,Kishore Kumar,bn,Adhunik Bangla,Melancholic Modern,0,0,9
Hoyto Amake Karo Mone,Kishore Kumar,bn,Adhunik Bangla,Romantic Modern,0,0,9
Mone Porle,Arijit Singh,bn,Adhunik Bangla,Romantic Modern,0,0,9
Gunjane Dole Je Bhramar,Asha Bhosle|Kishore Kumar,bn,Bangla Film,Romantic Duet,1,0,8
Phulkali Re Phulkali,Asha Bhosle|Kishore Kumar,bn,Bangla Film,Light Romantic,1,0,9
Keno Re Tui Chorli,Kishore Kumar,bn,Adhunik Bangla,Melancholic Modern,0,0,0
"Rangini Kato Mon, Mon Dite Chay",Manna Dey,bn,Adhunik Bangla,Romantic Modern,0,0,0
Bolchi Tomar Kane Kane- Female,Lata Mangeshkar,bn,Bangla Film,Romantic Solo,1,0,2
Din Khon Mapa Ache,Arijit Singh,bn,Adhunik Bangla,Romantic Modern,0,0,12
Lalita Go Oke Aaj Chole Jete Bal Na,Manna Dey,bn,Bangla Film,Emotional Retro,1,0,2
Prithibi Bodle Gechhe,Kishore Kumar,bn,Adhunik Bangla,Philosophical Modern,0,0,11
Ek Tanete Jemon Temon,Kishore Kumar|Swapan Chakraborty,bn,Bangla Folk,Folk-inspired Light,2,0,5
Aaj Theke Aar Bhalobasar,Kishore Kumar,bn,Adhunik Bangla,Breakup Modern,0,0,9
Hridayer Gaan Shikhe To Gaay Go Sabai,Manna Dey,bn,Adhunik Bangla,Philosophical Modern,0,0,11
E Gaane Prajapati (Stereo),Sandhya Mukherjee,bn,Bangla Film,Light Romantic,1,0,11
Chhero Na Chhero Na Haath,Kishore Kumar|Sabina Yasmeen,bn,Bangla Film,Romantic Duet,1,0,11
Ami Cheye Cheye Dekhi,Shyamal Mitra,bn,Adhunik Bangla,Romantic Modern,0,0,9
Dole Dodul Dole Jhulana,Manabendra Mukherjee|Shyamal Mitra,bn,Bangla Film,Semi-Classical Film,1,0,8
Tomay Porechhe Mone,Kishore Kumar,bn,Adhunik Bangla,Romantic Modern,0,0,2
Mangaldeep Jwele (Part 1),Lata Mangeshkar|Others,bn,Devotional,Puja Spiritual,5,0,9
Shono Mon Boli Tomay,R. D. Burman,bn,Adhunik Bangla,Philosophical Modern,0,0,9
Tora Je Ja Bolish,Debabrata Biswas,bn,Rabindra Sangeet,Tagore Playful,7,0,9
Chirodini Tumi Je Aamar- Female,Asha Bhosle,bn,Bangla Film,Romantic Film Ballad,1,0,2
Aamar Swapna Je,Lata Mangeshkar|Kishore Kumar,bn,Bangla Film,Romantic Retro,1,0,2
Ka Phonta Chokher Jal Phelechho,Manna Dey,bn,Adhunik Bangla,Melancholic Modern,0,0,9
Katoi Ranga Dekhi Duniyay,Amar Pal,bn,Bangla Film,Comic Satire,1,0,12
Bhalo Bashi Bhalo Bashi,Amit Kumar|Kavita Krishnamurthy,bn,Rabindra Sangeet,Tagore Romantic,7,0,2
Sandhya Belay Tumi Ami,Asha Bhosle,bn,Adhunik Bangla,Romantic Modern,0,0,9
Chole Jete Jete Din,Lata Mangeshkar,bn,Adhunik Bangla,Melancholic Modern,0,0,2
Bulbul Pakhi Maiana,Antara Chwdhury,bn,Children's Music,Children's Rhyme,4,0,12
Janmadin,Kishore Kumar,bn,Children's Music,Birthday Song,4,0,8
Ami Jamini Tumi Shashi Hey,Manna Dey,bn,Bangla Film,Romantic Semi-Classical,1,0,9
Ami Taar Thikana Rakhini,Manna Dey,bn,Adhunik Bangla,Romantic Modern,0,0,2
Aar Ki Tomay Chharchhi,Asha Bhosle|R. D. Burman,bn,Adhunik Bangla,Romantic Modern,0,0,9
Bom Bhole,Kishore Kumar,bn,Devotional,Shiva Devotional,5,0,9
Gahan Megher Chhaya Ghanay,Manna Dey,bn,Adhunik Bangla,Monsoon Modern,0,0,8
Kato Naree Achhe E Gokule,Asha Bhosle|Kishore Kumar|Tanuja,bn,Bangla Film,Comic Folk-Film,1,0,2
Karo Keu Naiko Aami,Kishore Kumar,bn,Adhunik Bangla,Melancholic Modern,0,0,0
Balo Ki Achhe Go,R. D. Burman,bn,Bangla Film,Romantic Duet,1,0,2
Ami Gaan Shonabo,Hemant Kumar,bn,Adhunik Bangla,Light Modern,0,0,0
Na Mon Lage Na,Lata Mangeshkar,bn,Bangla Film,Romantic Retro,1,0,0
Najar Diyo Na,Kishore Kumar,bn,Adhunik Bangla,Playful Modern,0,0,2
Mon Janala Khule Dena,Kishore Kumar,bn,Adhunik Bangla,Romantic Modern,0,0,0
Pora Banshi Shunle E Mon,Asha Bhosle,bn,Adhunik Bangla,Folk-inspired Modern,0,0,0
Amar Deep Nebhano Raat,Kishore Kumar,bn,Adhunik Bangla,Melancholic Modern,0,0,9
O Mor Moyna Go,Lata Mangeshkar,bn,Bangla Folk,Folk Song,2,0,9
Abhimane Chole Jeo Na,Manna Dey,bn,Adhunik Bangla,Romantic Modern,0,0,8
Prem Baro Madhur,Kishore Kumar,bn,Adhunik Bangla,Romantic Modern,0,0,13
Na Na Na Aaj Raate Aar,Manna Dey,bn,Bangla Film,Playful Romantic,1,0,0
Sedino Akashe Chhilo Kato Tara,Kishore Kumar,bn,Adhunik Bangla,Nostalgic Modern,0,0,9
Bhuter Raja Dilo Bor,Anup Ghoshal|Rabi Ghosh,bn,Children's Music,Fantasy Film Song,4,0,12
Naam Amar Kishore Kumar Ganguly,Kishore Kumar,bn,Adhunik Bangla,Tribute Song,0,0,5
Bhoy Dekhas Na (Male) Voice & Guitars,Arijit Singh,bn,Adhunik Bangla,Acoustic Modern,0,0,12
Hoyto Tomari Janya,Manna Dey,bn,Bangla Film,Romantic Film Song,1,0,12
Piya Bholo Abhimaan,Ajoy Chakrabarty,bn,Bangla Film,Romantic Retro,1,0,12
Ami Nei Ami Nei,Kishore Kumar,bn,Adhunik Bangla,Melancholic Modern,0,0,9
Shono Mon Boli Tomay,R. D. Burman,bn,Adhunik Bangla,Philosophical Modern,0,0,2
Hai Hai Ki Herilam,Utpalendu Chowdhury,bn,Bangla Folk,Folk Ballad,2,0,9
Kolkata Kolkata,Bappi Lahiri,bn,Bangla Film,City Travel,1,0,12
Gharete Bhramar Elo Gunguniye,Arundhati Holme Chowdhury,bn,Adhunik Bangla,Folk-inspired Modern,0,0,9
Mor Bhabanare Ki Haoway Matalo,Hemant Kumar,bn,Rabindra Sangeet,Tagore Nature,7,0,8
Ami Ek Jajabar,Bhupen Hazarika,bn,Adhunik Bangla,Wanderer Song,0,0,12
Dekhore Nayan Melay,Anup Ghoshal,bn,Bangla Folk,Folk Ballad,2,0,9
Ek Je Chhilo Raja,Anup Ghoshal|Rabi Ghosh,bn,Children's Music,Story Song,4,0,0
Ei Meghla Dine Ekla,Hemant Kumar,bn,Adhunik Bangla,Monsoon Modern,0,0,2
Ami Pathbhola Ek Pathik Esechhi (Duet),Kanika Banerjee|Suchitra Mitra|Hemant Kumar,bn,Bangla Film,Romantic Duet,1,0,12
Shudhu Bhalobasha Diye,Hemant Kumar,bn,Adhunik Bangla,Romantic Modern,0,0,9
Deke Deke Kato,R. D. Burman,bn,Bangla Film,Romantic Retro,1,0,0
Manush Manusher Jannya,Bhupen Hazarika,bn,Bangla Patriotic,Humanist Song,3,0,11
Aha Ki Ananda,Anup Ghoshal,bn,Children's Music,Fantasy Film Song,4,0,0
Darjeeling Jatra,R. D. Burman,bn,Children's Music,Travel Comic,4,0,9
Moner Manush :- (Mon Jakhan Jagli Nare and Milan Habe Kata Dine),Dohar,bn,Bangla Folk,Lalon Baul,2,0,9
Katha Diye Ele Na,Asha Bhosle,bn,Bangla Film,Romantic Playback,1,0,8
Amar Shilpi Tumi Kishore Kumar,Kumar Sanu,bn,Bangla Film,Romantic Playback,1,0,11
Champa Chameli Golaperi Baage,Manna Dey|Sandhya Mukherjee,bn,Bangla Film,Duet Playback,1,0,2
Nishidin Nishidin,Lata Mangeshkar,bn,Bangla Film,Romantic Playback,1,0,9
Jete Jete Pathe Holo,R. D. Burman,bn,Bangla Film,Romantic Playback,1,0,8
Saat Bhai Champa Jagore,Lata Mangeshkar,bn,Bangla Film,Romantic Playback,1,0,8
Antabihin Kate Na Aar Jeno (Baro Shunya Shunya),Lata Mangeshkar,bn,Bangla Film,Romantic Playback,1,0,12
Ei Mom Jochhonay Ango Bhijiye,Aarti Mukherji,bn,Bangla Film,Romantic Playback,1,0,2
Tomar Pujar Chhaley,Debabrata Biswas,bn,Rabindra Sangeet,Tagore Devotional,7,0,11
Tomate Amate Dekha Hoyechhilo,R. D. Burman,bn,Bangla Film,Romantic Playback,1,0,0
Jete Jete Pathe Holo,R. D. Burman,bn,Bangla Film,Romantic Playback,1,0,9
Ei Sundar Swarnali Sandhaye,Geeta Dutt,bn,Bangla Film,Romantic Playback,1,0,0
Mayur Aakaash,Bappi Lahiri,bn,Bangla Film,Romantic Playback,1,0,2
Olir Katha Shune Bakul Hase,Hemant Kumar,bn,Bangla Film,Romantic Playback,1,0,2
Aebar Pujoye Chaaye,Alka Yagnik,bn,Bangla Film,Romantic Playback,1,0,9
Jani Na Aaj Je Apon,Asha Bhosle,bn,Bangla Film,Romantic Playback,1,0,11
Takhon Tomar Ekush Bachhar,Aarti Mukherji,bn,Bangla Film,Romantic Playback,1,0,9
Nagor Amar Kancha Peerit,Asha Bhosle|Shailender Singh,bn,Bangla Film,Duet Playback,1,0,8
Oi Dustu Chokher Mishti Hasi,Sandhya Mukherjee|Hemant Kumar,bn,Bangla Film,Duet Playback,1,0,0
Mor Bina Othe Kon Sure Baji,Swagatalakshmi Dasgupta,bn,Rabindra Sangeet,Tagore Classic,7,0,11
Phire Eso Anuradha,R. D. Burman,bn,Bangla Film,Romantic Playback,1,0,0
Sajani Go Premer Katha,R. D. Burman,bn,Bangla Film,Romantic Playback,1,0,2
Jete Dao Amay Dekona,Asha Bhosle,bn,Bangla Film,Romantic Playback,1,0,0
Jibane Ki Pabo Na,Manna Dey,bn,Bangla Film,Romantic Playback,1,0,5
Tolo Chhinnabeena,Asha Bhosle,bn,Bangla Film,Romantic Playback,1,0,2
Kalo Meyer Payer Tolaaye,Panna Lal Bhattacharjee,bn,Devotional,Shyama Sangeet,5,0,9
O Amar Sajani Go,Kishore Kumar|Lata Mangeshkar,bn,Bangla Film,Duet Playback,1,0,0
Chhande Chhande Gaane Gaane,Asha Bhosle,bn,Bangla Film,Romantic Playback,1,0,8
Badhu Kon Alo (Part 1),Arundhati Holme Chowdhury,bn,Rabindra Sangeet,Tagore Nature,7,0,11
Eshe Hirok Deshe,Anup Ghoshal,bn,Children's Music,Comic Song,4,0,0
Jana - Gana - Mana - Orchestra,Akashvani Vadya Vrinda,bn,Children's Music,Comic Song,4,0,0
O Tui Nayan Pakhi Amar Re,Lata Mangeshkar,bn,Bangla Film,Romantic Playback,1,0,12
Aasbo Aar Ekdin Aaj Jai,Asha Bhosle,bn,Bangla Film,Romantic Playback,1,0,9
Chokhe Chokhe Katha Balo,Asha Bhosle,bn,Bangla Film,Romantic Playback,1,0,2
Phire Eso Anuradha,R. D. Burman,bn,Bangla Film,Romantic Playback,1,0,9
Ami Dur Hote Tomarei Dekhechhi,Hemant Kumar,bn,Bangla Film,Romantic Playback,1,0,9
Hey Nutan Dekha Dik Aar-Bar,Swagatalakshmi Dasgupta,bn,Rabindra Sangeet,Tagore Classic,7,0,9
Ek Je Chhilo Maachhi,Antara Chwdhury,bn,Children's Music,Children's Song,4,0,0
Ami Mon Diye Chi,Asha Bhosle,bn,Bangla Film,Romantic Playback,1,0,11
Bidhir Bandhan Katbe Tumi,Kishore Kumar,bn,Bangla Film,Romantic Playback,1,0,11
Maharaja Tomarey Shelam,Anup Ghoshal|Rabi Ghosh,bn,Children's Music,Fantasy Song,4,0,9
Ami Je Jalsaghare (Stereo),Sandhya Mukherjee,bn,Bangla Film,Romantic Playback,1,0,2
Aamar Eche Korche Bhalo,Bappi Lahiri|Asha Bhosle,bn,Bangla Film,Duet Playback,1,0,8
Balo Ki Achhe Go,R. D. Burman,bn,Bangla Film,Romantic Duet,1,0,0
Tomari Chalar Pathe,Asha Bhosle,bn,Bangla Film,Romantic Playback,1,0,0
Ore Baba Dekho Cheye,Anup Ghoshal,bn,Children's Music,Comic Song,4,0,11
Keno Kichhu Katha Balo Na,Lata Mangeshkar,bn,Bangla Film,Romantic Playback,1,0,12
Aayre Chhute Aai,Antara Chwdhury,bn,Children's Music,Comic Song,4,0,9
Je Khanei Thako Sukhe Thako,Asha Bhosle,bn,Bangla Film,Romantic Playback,1,0,9
Dekhle Kemon Tumi Khel,Kishore Kumar,bn,Bangla Film,Romantic Playback,1,0,9
Aei Gaaneri Shure Shure,Mohammad Aziz,bn,Bangla Film,Romantic Playback,1,0,8
Phire Elam Dure Giye,Asha Bhosle|R. D. Burman,bn,Bangla Film,Duet Playback,1,0,9
Pa Ma Ga Re Sa,Lata Mangeshkar,bn,Devotional,Spiritual,5,0,2
Na Dir Dir Da,Antara Chwdhury,bn,Children's Music,Comic Song,4,0,0
Swapna Mahale Ajo Nishirate,Bappi Lahiri,bn,Bangla Film,Romantic Playback,1,0,2
Nadir Paare Uthchhe Dhonya,R. D. Burman,bn,Bangla Film,Romantic Playback,1,0,0
Keu Jane Na Tumi Je Amar,R. D. Burman,bn,Bangla Film,Romantic Playback,1,0,11
Ore Amar Mon,Dwijen Mukherjee,bn,Adhunik Bangla,Romantic Modern,0,0,2
Bujhbe Na Keu Bujhbe Na,Lata Mangeshkar,bn,Bangla Film,Romantic Playback,1,0,2
Taare Bole Diyo,Hemant Kumar,bn,Bangla Film,Romantic Playback,1,0,8
Aami Ekjon Saanto Sishto,Kishore Kumar,bn,Bangla Film,Romantic Playback,1,0,9
Halla Cholechhe Juddhe,Kamu Mukherjee|Jahor Roy,bn,Children's Music,Comic Song,4,0,11
"O,sona Byang",Antara Chwdhury,bn,Children's Music,Children's Song,4,0,12
Ki Ashai Bandhi Khelaghar,Kishore Kumar,bn,Bangla Film,Romantic Playback,1,0,11
Chand Aar Shurjo,Alka Yagnik,bn,Bangla Film,Romantic Playback,1,0,11
Jana Ajana Pathey Cholechhi,Kishore Kumar|Asha Bhosle,bn,Bangla Film,Duet Playback,1,0,8
Aay Aay Chhute Aay,Bhupen Hazarika,bn,Adhunik Bangla,Romantic Modern,0,0,0
Oi Mahasindhur Opar Theke,Manna Dey,bn,Bangla Film,Romantic Playback,1,0,0
Ei Chhande Chhande Bhara,Sandhya Mukherjee|Hemant Kumar,bn,Bangla Film,Duet Playback,1,0,2
Dinguli Mor,Debabrata Biswas,bn,Rabindra Sangeet,Tagore Nostalgia,7,0,12
Hridayer Gaan Shikhe To Gaay Go Sabai,Manna Dey,bn,Adhunik Bangla,Philosophical Modern,0,0,9
Mone Pore Ruby Roy,R. D. Burman,bn,Adhunik Bangla,Urban Nostalgia,0,0,8
Tumi Jodi Thaktey,Kumar Sanu,bn,Bangla Film,Romantic Playback,1,0,0
Mor Bhabonare (Duet),Saptarshi|SAHANA BAJPEI,bn,Rabindra Sangeet,Tagore Classic,7,0,11
Namo Mata Saraswati,Sandhya Mukherjee|Tarun Banerjee|Aarti Mukherji,bn,Bangla Film,Duet Playback,1,0,2
O Prajapati Prajapati,Lata Mangeshkar,bn,Bangla Film,Romantic Playback,1,0,9
Sagar Sangame,Bhupen Hazarika,bn,Adhunik Bangla,Romantic Modern,0,0,2
Katha Dao Aabar Asbe,Manna Dey,bn,Bangla Film,Romantic Playback,1,0,0
Tomake Lagche Bhari Chena,Bappi Lahiri|Alka Yagnik,bn,Bangla Film,Duet Playback,1,0,8
Esho Go Jweley,Debabrata Biswas,bn,Rabindra Sangeet,Tagore Classic,7,0,8
Amar Sakal Raser Dhara,Hemant Kumar|Aarti Mukherji,bn,Bangla Film,Duet Playback,1,0,0
"Ore Bondhure, Ore Sathi Re",Kishore Kumar,bn,Bangla Film,Romantic Playback,1,0,0
Na Bole Esechhi,Aarti Mukherji,bn,Bangla Film,Romantic Playback,1,0,5
Ja Ja Ja Bhule Ja,Lata Mangeshkar,bn,Bangla Film,Melancholy Playback,1,0,9
Keno Je Kandao Bare Bare,Lata Mangeshkar,bn,Bangla Film,Romantic Playback,1,0,9
E Ki Chanchalata Jage,Hemant Kumar,bn,Bangla Film,Romantic Playback,1,0,0
Moner Janala Dhore Unki Diye,Hemant Kumar,bn,Bangla Film,Romantic Playback,1,0,8
Ogo Moner Duyare Danriye Theko Na,Aarti Mukherji,bn,Bangla Film,Romantic Playback,1,0,11
Kichhu To Chahini Ami,Lata Mangeshkar,bn,Bangla Film,Romantic Playback,1,0,2
Ektu Baso Chole Jeo Na,Asha Bhosle,bn,Bangla Film,Melancholy Playback,1,0,0
Akash Keno Daake,Kishore Kumar,bn,Bangla Film,Romantic Playback,1,0,12
Aakash Bhara,Debabrata Biswas,bn,Rabindra Sangeet,Tagore Nature,7,0,8
Dhoronako Shantrimoshai,Anup Ghoshal,bn,Children's Music,Comic Song,4,0,9
Aaj Jiban Khunje Pabi,Bhupen Hazarika,bn,Adhunik Bangla,Romantic Modern,0,0,0
Bhoy Dekhas Na (The Agnee Version),Mohan Kannan,bn,Adhunik Bangla,Romantic Modern,0,0,8
Ami Sahebo Noi Golamo Noi,Hemant Kumar,bn,Bangla Film,Melancholy Playback,1,0,9
Hayre Pora Banshi,Lata Mangeshkar,bn,Bangla Film,Romantic Playback,1,0,12
Tomader Aasare Aaj,Lata Mangeshkar,bn,Bangla Film,Romantic Playback,1,0,12
Amar Mon Manne Na,Asha Bhosle,bn,Bangla Film,Romantic Playback,1,0,9
Gun Gun Kare Mon,Amit Kumar|Asha Bhosle,bn,Bangla Film,Duet Playback,1,0,2
Phule Gandha Nei,Asha Bhosle,bn,Bangla Film,Melancholy Playback,1,0,9
Katha Hoyechhilo,Asha Bhosle,bn,Bangla Film,Romantic Playback,1,0,11
Ami Dukkhake Sukh Bhebe,Kishore Kumar,bn,Bangla Film,Romantic Playback,1,0,9
E Monihar Amay,Debabrata Biswas,bn,Rabindra Sangeet,Tagore Classic,7,0,8
Ek Din Aaro Gelo,Kishore Kumar,bn,Bangla Film,Romantic Playback,1,0,9
Na Ekhoni Noy Jabe,Asha Bhosle,bn,Bangla Film,Romantic Playback,1,0,9
Tomar Akash Duti Chokhe,Nirmal Mishra,bn,Adhunik Bangla,Romantic Modern,0,0,9
Aar Bilamba Noy,Anup Ghoshal,bn,Children's Music,Comic Song,4,0,9
Tumi Ele Anek Diner Pare,Hemant Kumar,bn,Bangla Film,Romantic Playback,1,0,2
Kajol Kajol Chokhe,Geeta Dutt|Hemant Kumar,bn,Bangla Film,Duet Playback,1,0,12
Tomaar Holo Shuru (db),Debabrata Biswas,bn,Rabindra Sangeet,Tagore Nostalgia,7,0,2
Phul Phute Jhore Jaay,Asha Bhosle,bn,Bangla Film,Romantic Playback,1,0,11
Ele Na Tumi Je,R. D. Burman,bn,Bangla Film,Romantic Playback,1,0,5
Khelbo Holi Rang Debo Na,Asha Bhosle|Kavita Krishnamurthy,bn,Bangla Film,Duet Playback,1,0,9
Sajani Go Premer Katha,R. D. Burman,bn,Bangla Film,Romantic Playback,1,0,9
Ek Din Pakhi Ure Jabe,Kishore Kumar,bn,Bangla Film,Romantic Playback,1,0,0
Ek Tanete Jemon Temon,Kishore Kumar|Swapan Chakraborty,bn,Bangla Folk,Folk-inspired Light,2,0,2
Ek Din Pakhi Ure Jabe,Kishore Kumar,bn,Bangla Film,Romantic Playback,1,0,9
Emon Madhur Sandhyay,Asha Bhosle,bn,Bangla Film,Romantic Playback,1,0,9
Aamar Bhalobasar Rajprasade,Manna Dey,bn,Adhunik Bangla,Romantic Modern,0,0,8
Naari Charitra Bejaay Jatil,Kishore Kumar,bn,Bangla Film,Romantic Playback,1,0,9
Bhalobeshe Dekei Dekho Na,Asha Bhosle,bn,Bangla Film,Romantic Playback,1,0,8
Gaane Bhuban Bhoriye Debe,Shyamal Mitra,bn,Adhunik Bangla,Romantic Modern,0,0,9
Ei Korechho Bhalo,Hemant Kumar,bn,Bangla Film,Romantic Playback,1,0,9
Baro Asha Kore Esechhi Go,Arundhati Holme Chowdhury|Hemant Kumar,bn,Rabindra Sangeet,Tagore Classic,7,0,9
Ore Batas Phulshakhate,Sandhya Mukherjee|Hemant Kumar,bn,Bangla Film,Duet Playback,1,0,2
Kine De Reshmi Churi,Asha Bhosle,bn,Bangla Film,Romantic Playback,1,0,9
Moner Naam Madhumati,Asha Bhosle,bn,Bangla Film,Romantic Playback,1,0,9
Nadir Paare Uthchhe Dhonya,R. D. Burman,bn,Bangla Film,Romantic Playback,1,0,8
Bristi Bristi Bristi,Lata Mangeshkar,bn,Bangla Film,Romantic Playback,1,0,2
Guru Bine Bondhu Naai Re Aar,Amar Pal,bn,Bangla Folk,Regional Folk,2,0,0
Cigarette Naho Tumi Swet-Pari,Kishore Kumar,bn,Bangla Film,Romantic Playback,1,0,9
Charon Dhorite Diyo Go (Female),Arundhati Holme Chowdhury,bn,Rabindra Sangeet,Tagore Classic,7,0,9
Ke Jabi Aay,Lata Mangeshkar,bn,Bangla Film,Romantic Playback,1,0,9
Ebar Ami Amar Theke,Lata Mangeshkar,bn,Bangla Film,Romantic Playback,1,0,8
Tumi Aamar Asha,Kishore Kumar,bn,Bangla Film,Romantic Playback,1,0,2
Chokhe Naame Brishti,Asha Bhosle,bn,Bangla Film,Romantic Playback,1,0,12
Ami Premer Pather Pathik,Kishore Kumar,bn,Bangla Film,Romantic Playback,1,0,12
Tarpar Tar Aar Par Nei,Hemant Kumar,bn,Bangla Film,Melancholy Playback,1,0,2
Aay Khuku Aay (Keta Na Somay),Hemant Kumar|Sravanti Mazumder,bn,Bangla Film,Duet Playback,1,0,9
Ektuku Chhonwa Lage,Kishore Kumar,bn,Bangla Film,Romantic Playback,1,0,5
Danriye Achho Tumi Amar Gaaner O Paare,Sandhya Mukherjee,bn,Bangla Film,Romantic Playback,1,0,2
Moyna Balo Tumi,Asha Bhosle,bn,Bangla Folk,Regional Folk,2,0,0
Keu Jane Na Tumi Je Amar,R. D. Burman,bn,Bangla Film,Romantic Playback,1,0,9
Du Chokhe Brishti,Alka Yagnik,bn,Bangla Film,Romantic Playback,1,0,0
Emon Ekta Jhinuk Khunje,Nirmal Mishra,bn,Adhunik Bangla,Romantic Modern,0,0,0
Thuilam Re Mon Padmapatay,Asha Bhosle,bn,Bangla Film,Romantic Playback,1,0,8
Jana Gana Mana - Military Band,Normon Richardazz|Harbert Murril,bn,Adhunik Bangla,Romantic Modern,0,0,9
Bone Noy Mone Mor,Manabendra Mukherjee,bn,Adhunik Bangla,Romantic Modern,0,0,8
Dake Loke Amake Clown,Kishore Kumar,bn,Bangla Film,Romantic Playback,1,0,9
Kolahal To Baron Holo,Debabrata Biswas,bn,Rabindra Sangeet,Tagore Classic,7,0,8
"Aar Nai Re Bela, Namlo Chhaya",Sumitra Sen,bn,Rabindra Sangeet,Tagore Classic,7,0,8
Ami Cholte Cholte Theme Gechhi,Lata Mangeshkar,bn,Bangla Film,Romantic Playback,1,0,9
Swapan Jodi Madhur Emon,Manna Dey,bn,Bangla Film,Romantic Playback,1,0,11
Madhumas Jay,R. D. Burman,bn,Bangla Film,Romantic Playback,1,0,9
Shamla Gaanyer Kajla Meye,Hemant Kumar|Aarti Mukherji,bn,Bangla Film,Duet Playback,1,0,2
Dil Dariyar Majhete,Purna Das Baul,bn,Bangla Folk,Baul,2,0,0
Ami Chaee Chaee Chaee,Sapna Mukherjee,bn,Bangla Film,Romantic Playback,1,0,9
Tari:- (Ebar Tor Mora Gange and Samal Samal Samal),Dohar,bn,Bangla Folk,Regional Folk,2,0,11
Madhobi Modhupey Holo Mitali,Aarti Mukherji,bn,Bangla Film,Romantic Playback,1,0,12
Ki Je Kori Dure Jete Hay,Lata Mangeshkar,bn,Bangla Film,Melancholy Playback,1,0,2
Ami Je Jalsaghare,Manna Dey,bn,Bangla Film,Romantic Playback,1,0,9
Mon Bolchhe,Asha Bhosle,bn,Bangla Film,Romantic Playback,1,0,9
Amar Balar Kichhu Chhilo Na,Haimanti Shukla,bn,Adhunik Bangla,Romantic Modern,0,0,8
Chaaridike Paaper Andhar (Manush Janam Diye Bidhi),Kishore Kumar,bn,Bangla Film,Romantic Playback,1,0,0
Ami Je Ke Tomar,Kishore Kumar,bn,Bangla Film,Romantic Playback,1,0,12
Shaon Raate Jodi,Manna Dey,bn,Bangla Film,Romantic Playback,1,0,9
Rui Katla Ilish To Noy,Kishore Kumar,bn,Bangla Film,Romantic Playback,1,0,12
Hay Re Kala Eki Jwala,Asha Bhosle,bn,Bangla Film,Romantic Playback,1,0,8
Mukhe Bolleye Prem Hoye Na,Alka Yagnik,bn,Bangla Film,Romantic Playback,1,0,9
Chakrita Ami Peyegechi Bela 2441139,Anjan Dutt,bn,Adhunik Bangla,Romantic Modern,0,0,9
O Amar Pran Sajani (Champabothi Kanya),Lata Mangeshkar,bn,Bangla Film,Romantic Playback,1,0,2
Jodi Bhabo Bhalobeshe,Alka Yagnik,bn,Bangla Film,Romantic Playback,1,0,9
Andhakarer Ei Raater Sheshe,Kishore Kumar,bn,Bangla Film,Romantic Playback,1,0,9
Amar Raat Pohaalo (d B),Debabrata Biswas,bn,Rabindra Sangeet,Tagore Nature,7,0,9
Bangla:- (Ami Bangla Mayer Chhele and Amar Sonar Bangla),Dohar,bn,Bangla Folk,Regional Folk,2,0,11
Sukno Patar Nupur Paye,Feroza Begum,bn,Nazrul Geeti,Nazrul Romantic,6,0,0
Jodi Kagoje Lekho Naam,Manna Dey,bn,Bangla Film,Romantic Playback,1,0,8
Na Chahile Jare Paoya Jaay - Manna Dey,Manna Dey,bn,Bangla Film,Romantic Playback,1,0,12
Jhilik Jhilik Jhinuk,Lata Mangeshkar,bn,Bangla Film,Romantic Playback,1,0,12
Purano Sei Diner Kotha,Hemant Kumar,bn,Bangla Film,Romantic Playback,1,0,8
O Tota Pakhi Re,Nirmal Mishra,bn,Adhunik Bangla,Romantic Modern,0,0,2
She Keno Amay,Pankaj Udhas,bn,Adhunik Bangla,Romantic Modern,0,0,12
Jeevanamaraner,Debabrata Biswas,bn,Rabindra Sangeet,Tagore Devotional,7,0,2
Eureka Eureka,Kishore Kumar|Ranu Mukherjee|Chorus,bn,Bangla Film,Duet Playback,1,0,12
Chhinnapatar Sajai Taranee,Sumitra Sen,bn,Rabindra Sangeet,Tagore Classic,7,0,8
Amar Chetana Chaitanya Kore,Panna Lal Bhattacharjee,bn,Devotional,Spiritual,5,0,12
Amar Hriday Tomar Aapan Haater Dole (Duet),Arundhati Holme Chowdhury|Santu Mukherjee,bn,Rabindra Sangeet,Tagore Classic,7,0,11
Ek Din Aaro Gelo,Kishore Kumar,bn,Bangla Film,Romantic Playback,1,0,12
Madhumas Jay,R. D. Burman,bn,Bangla Film,Romantic Playback,1,0,0
Hotam Jodi Tota Pakhi,Lata Mangeshkar,bn,Bangla Film,Romantic Playback,1,0,11
Aadho Aalo Chhayte,Kishore Kumar|Asha Bhosle,bn,Bangla Film,Duet Playback,1,0,2
Ami Tomar Majhe Pelam Khunje,Hemant Kumar,bn,Bangla Film,Romantic Playback,1,0,2
Ore Mon-Mayana,Lata Mangeshkar,bn,Bangla Film,Romantic Playback,1,0,0
Machher Kanta Khonpar Kanta,Asha Bhosle,bn,Bangla Film,Romantic Playback,1,0,11
Bhalobese Sakhi Nibhrite Jatane,Chinmoy Chatterjee,bn,Rabindra Sangeet,Tagore Nature,7,0,0
Nahin Surya Nahin Jyoti,Anup Jalota,bn,Devotional,Bhajan,5,0,12
Ek Baishakhe Dekha Holo Dujanay,Aarti Mukherji,bn,Bangla Film,Romantic Playback,1,0,2
Ei Sundar Raatri,Sandhya Mukherjee,bn,Bangla Film,Romantic Playback,1,0,2
O Montrimoshai,Rabi Ghosh|Anup Ghoshal,bn,Children's Music,Comic Song,4,0,2
Iskabaner Deshe,Antara Chwdhury,bn,Children's Music,Comic Song,4,0,8
Gun Gun Gun Kunje Amar,Asha Bhosle,bn,Bangla Film,Romantic Playback,1,0,0
Golemale Gole Male Pirit Koiro Na,Purna Das Baul,bn,Bangla Folk,Baul,2,0,9
Tomaro Ashimey,Debabrata Biswas,bn,Rabindra Sangeet,Tagore Devotional,7,0,2
Amar Moner Ei Mayurmahale,Kishore Kumar,bn,Bangla Film,Romantic Playback,1,0,2
Ami Je Ke Tomar,Lata Mangeshkar,bn,Bangla Film,Romantic Playback,1,0,2
Tomate Amate Dekha Hoyechhilo,R. D. Burman,bn,Bangla Film,Romantic Playback,1,0,0
Raat Je Madhumati,Asha Bhosle,bn,Bangla Film,Romantic Playback,1,0,11
Ei Brishtite Bhije Mati,Manna Dey|Lata Mangeshkar,bn,Bangla Folk,Regional Folk,2,0,0
Ke Pratham Kachhe Esechhi,Lata Mangeshkar|Manna Dey,bn,Bangla Film,Duet Playback,1,0,12
Pherano Jabe Na Aar,Hemant Kumar,bn,Bangla Film,Romantic Playback,1,0,12
Chanchal Moyuri E Raat,Lata Mangeshkar,bn,Bangla Film,Romantic Playback,1,0,8
Ei To Bhalo Legechhilo - Hemanta Mukherjee,Hemant Kumar,bn,Bangla Film,Romantic Playback,1,0,8
Eso Pranbharan,Arundhati Holme Chowdhury|Bitu Samajpati,bn,Rabindra Sangeet,Tagore Classic,7,0,2
Ami Aaj Bhebechhi Mone,Hemant Kumar,bn,Bangla Film,Romantic Playback,1,0,8
Baro Eka Laage,Manna Dey,bn,Bangla Film,Melancholy Playback,1,0,2
Nohi Jantra,Anup Ghoshal,bn,Children's Music,Comic Song,4,0,11
Pranbhara Swapna,Kishore Kumar|Chandrani Mukherjee,bn,Bangla Film,Duet Playback,1,0,9
Sabar Aarale,Lata Mangeshkar,bn,Bangla Film,Romantic Playback,1,0,2
Tapur Tupur Sara Dupur,Aarti Mukherji,bn,Bangla Film,Romantic Playback,1,0,11
Amay Bolo Na Gahite,Suchitra Mitra,bn,Rabindra Sangeet,Tagore Classic,7,0,0
Ore Sujan Naiya,R. D. Burman,bn,Bangla Film,Romantic Playback,1,0,2
Aami Dasyir Sathey Kori Dosti,Manna Dey,bn,Bangla Film,Romantic Playback,1,0,0
Na Na Emon Korey,Asha Bhosle,bn,Bangla Film,Romantic Playback,1,0,2
Katha Hoyechhilo,Asha Bhosle,bn,Bangla Film,Romantic Playback,1,0,12
Pathey Chhile Jetey,Debabrata Biswas,bn,Rabindra Sangeet,Tagore Classic,7,0,0
Jakhan Porbe Na Mor Payer Chinha,Hemant Kumar,bn,Bangla Film,Romantic Playback,1,0,8
Kana Machhi Bhon Bhon,Antara Chwdhury|Sabita Chowdhury,bn,Children's Music,Comic Song,4,0,0
Dui Naukaye Diya Pa,Alka Yagnik,bn,Bangla Film,Romantic Playback,1,0,2
Shiter Shishir Bheja Raat,Bhupen Hazarika,bn,Adhunik Bangla,Romantic Modern,0,0,5
Mon Tomar Ei Bhram Gelo Na,Panna Lal Bhattacharjee,bn,Devotional,Spiritual,5,0,8
Ami Tomar Preme Habo Sabar,Sagar Sen,bn,Rabindra Sangeet,Tagore Romantic,7,0,9
Mahabiswey Mahabiswey,Debabrata Biswas,bn,Rabindra Sangeet,Tagore Classic,7,0,8
Priyotamo Ki Likhi Tomay,Lata Mangeshkar,bn,Bangla Film,Romantic Playback,1,0,9
O Bideshi Bandhu,Bhupen Hazarika,bn,Adhunik Bangla,Urban Modern,0,0,2
Nayan Chherey Geley,Debabrata Biswas,bn,Rabindra Sangeet,Tagore Classic,7,0,11
Aaro Katodin Ami Khunjechhi Tomake,Aarti Mukherji,bn,Bangla Film,Romantic Playback,1,0,9
Kalyankarini Saptanadi Bhagini,Chandrabali Rudra Dutta,bn,Rabindra Sangeet,Tagore Classic,7,0,5
Shono Go Dakhin Hawa,S. D. Burman,bn,Adhunik Bangla,Romantic Modern,0,0,9
Prem Kise Hoy,Asha Bhosle,bn,Bangla Film,Romantic Playback,1,0,8
King Of The Ghosts Gives 3 Boons,Satyajit Ray,bn,Children's Music,Fantasy Song,4,0,8
Kon Pakhi Dhara Dite Chaaye,Hemant Kumar,bn,Bangla Film,Romantic Playback,1,0,8
Bharaa Thaak Smritisudhaay,Debabrata Biswas,bn,Rabindra Sangeet,Tagore Nostalgia,7,0,11
Naam Rekhechhi Bonolata,Shyamal Mitra,bn,Adhunik Bangla,Romantic Modern,0,0,8
Ami Apon Koriya Chahini,Asha Bhosle,bn,Bangla Film,Romantic Playback,1,0,5
"Barne, Gandhe, Chhande, Gitite",S. D. Burman,bn,Adhunik Bangla,Romantic Modern,0,0,12
Hay Go Amar Mon Mane Na,Asha Bhosle,bn,Bangla Film,Romantic Playback,1,0,12
Darjeeling Jatra,R. D. Burman,bn,Children's Music,Travel Comic,4,0,0
Ja Peyechhi,Amit Kumar,bn,Bangla Film,Romantic Playback,1,0,9
Se To Elo Na,Kishore Kumar,bn,Bangla Film,Romantic Playback,1,0,9
Na Na Jeo Na,Manna Dey,bn,Bangla Film,Melancholy Playback,1,0,2
Pratidhwani Suni,Bhupen Hazarika,bn,Adhunik Bangla,Romantic Modern,0,0,9
Ke Jay Amritadhamjatri,Ritu Guha,bn,Rabindra Sangeet,Tagore Classic,7,0,9
Badal Kalo Ghirlo Go,Lata Mangeshkar,bn,Bangla Film,Romantic Playback,1,0,8
Baro Asha Kare,Asha Bhosle,bn,Bangla Film,Romantic Playback,1,0,2
Onek Khujechi Khuje Payine,Mohammad Aziz,bn,Bangla Film,Romantic Playback,1,0,8
Aar Nai Je Deri,Chinmoy Chatterjee,bn,Rabindra Sangeet,Tagore Classic,7,0,2
Rai Jago Rai Jago Bole,Amar Pal,bn,Bangla Folk,Polli Geeti,2,0,9
"Ogo Kangal, Amare Kangal Karechho",Ritu Guha,bn,Rabindra Sangeet,Tagore Classic,7,0,9
Eto Kachhe Dujane,Kishore Kumar,bn,Bangla Film,Romantic Playback,1,0,9
Amra Korbo Joy,Bhupen Hazarika|Chorus,bn,Bangla Patriotic,Inspirational Anthem,3,0,8
E Jiban Premeri Ek Patabahar Kabita,Kishore Kumar,bn,Bangla Film,Romantic Playback,1,0,5
Megh Aar Kuyashay Hok,Kishore Kumar|Aarti Mukherji,bn,Bangla Film,Duet Playback,1,0,11
Amar Bela Je Jai,Asha Bhosle,bn,Bangla Film,Romantic Playback,1,0,0
Badhu Kon Alo (Part 2),Arundhati Holme Chowdhury,bn,Rabindra Sangeet,Tagore Nature,7,0,9
Shudhu Jaoya Aasa,Arundhati Holme Chowdhury,bn,Rabindra Sangeet,Tagore Classic,7,0,12
Chanchal Mon Anmona Hoy,Lata Mangeshkar|Hemant Kumar,bn,Bangla Film,Duet Playback,1,0,2
Bhola Mon Moner Katha,Shyamal Mitra,bn,Adhunik Bangla,Romantic Modern,0,0,5
Amar Andhar Bhubane,Kishore Kumar,bn,Bangla Film,Romantic Playback,1,0,12
Banshi Keno Hai,Lata Mangeshkar,bn,Bangla Film,Romantic Playback,1,0,0
Hey Priyotama Ami To Tomay,Kishore Kumar,bn,Bangla Film,Romantic Playback,1,0,2
"Sakhi, Bhabana Kahare Bale",Sumitra Sen,bn,Rabindra Sangeet,Tagore Romantic,7,0,9
Klaanti Aamaar Kshamaa Koro,Debabrata Biswas,bn,Rabindra Sangeet,Tagore Classic,7,0,0
Tunhu Mamo Monpran Hey (Stereo),Sandhya Mukherjee,bn,Bangla Film,Romantic Playback,1,0,0
Jabo Ki Jabo Na,Asha Bhosle,bn,Bangla Film,Romantic Playback,1,0,8
Dekhe Elam Ruper Agun,Manna Dey,bn,Bangla Film,Romantic Playback,1,0,0
E Ki Holo,Kishore Kumar,bn,Bangla Film,Romantic Playback,1,0,2
Gharete Bhramar Elo,Sumitra Sen,bn,Rabindra Sangeet,Tagore Classic,7,0,0
Ma Tui Amay Daya Korbi Ki Na Bal,Manna Dey,bn,Devotional,Spiritual,5,0,0
Aaj Bikeler Dake Tomar Chithi,Banasree Sengupta,bn,Adhunik Bangla,Romantic Modern,0,0,9
Aaro Bhalo Hoto,Hemant Kumar,bn,Bangla Film,Romantic Playback,1,0,9
Tumi Je Amar,Asha Bhosle,bn,Bangla Film,Romantic Playback,1,0,9
Amar Khela Jakhon Chhilo Tomar Sane,Hemant Kumar,bn,Bangla Film,Romantic Playback,1,0,9
Shono Ei To Samay,R. D. Burman,bn,Bangla Film,Romantic Playback,1,0,8
Ami Gun Kormu Ekjonare,Anuradha Paudwal,bn,Devotional,Bhajan,5,0,2
Nibhrita Praner,Debabrata Biswas,bn,Rabindra Sangeet,Tagore Classic,7,0,9
Dinguli Mor Sonar Khanchay Roilo Na,Dwijen Mukherjee,bn,Adhunik Bangla,Romantic Modern,0,0,5
Keno Dure Thako,Hemant Kumar,bn,Bangla Film,Melancholy Playback,1,0,5
Jabar Belay Pichhu Theke,Lata Mangeshkar,bn,Bangla Film,Romantic Playback,1,0,8
Tomake Shonate E Gaan,Lata Mangeshkar,bn,Bangla Film,Romantic Playback,1,0,11
Akash Keno Daake,Kishore Kumar,bn,Bangla Film,Romantic Playback,1,0,8
Jani Jani Tumi Esechho E Pathe,Sudeshna Chatterjee,bn,Adhunik Bangla,Romantic Modern,0,0,2
Hey Mor Debota,Debabrata Biswas,bn,Rabindra Sangeet,Tagore Classic,7,0,2
Jodi Baran Karo Tabe Gabo Na,Lata Mangeshkar,bn,Bangla Film,Romantic Playback,1,0,11
Ami Jani Na,Asha Bhosle|Abhijeet Bhattacharya,bn,Bangla Film,Duet Playback,1,0,9
Aaro Kachakachi,Kishore Kumar|Asha Bhosle,bn,Bangla Film,Duet Playback,1,0,8
Ogo Abar Natun Kore,Mukesh,bn,Bangla Film,Romantic Playback,1,0,0
Deep Nibhey Gechhey,Indrani Sen,bn,Rabindra Sangeet,Tagore Classic,7,0,9
Mon Mor Megher Sangi,Hemant Kumar,bn,Bangla Film,Romantic Playback,1,0,12
Aachhey Dukkha,Debabrata Biswas,bn,Rabindra Sangeet,Tagore Classic,7,0,8
Saat Sakaale,Lata Mangeshkar,bn,Bangla Film,Romantic Playback,1,0,2
Jakhan Ami Anek Dure,Kishore Kumar,bn,Bangla Film,Melancholy Playback,1,0,5
Prano Bhariye Trisha Hariye,Debabrata Biswas,bn,Rabindra Sangeet,Tagore Classic,7,0,0
Mor Bhabonare (Female),SAHANA BAJPEI,bn,Rabindra Sangeet,Tagore Classic,7,0,9
Hai Re Poda Banshi,Lata Mangeshkar,bn,Bangla Film,Romantic Playback,1,0,9
Tomar Oi Dhupchhaya Rang,Shyamal Mitra,bn,Adhunik Bangla,Romantic Modern,0,0,9
Je Chhilo Amar Swapancharini,Srikanto Acharya,bn,Adhunik Bangla,Romantic Modern,0,0,8
Dinguli Mor,Debabrata Biswas,bn,Rabindra Sangeet,Tagore Nostalgia,7,0,12
Mora Dujonai Rajar Jamai,Anup Ghoshal,bn,Children's Music,Fantasy Song,4,0,9
Amay Nahe Go,Feroza Begum,bn,Nazrul Geeti,Nazrul Romantic,6,0,9
Naam Dhore Kejano,Alka Yagnik,bn,Bangla Film,Romantic Playback,1,0,2
Shai Pakhitar,Alka Yagnik,bn,Bangla Film,Romantic Playback,1,0,11
Deko Naa Aamarey,Indrani Sen,bn,Rabindra Sangeet,Tagore Classic,7,0,2
O Amar Pran Sajani (Champabothi Kanya),Lata Mangeshkar,bn,Bangla Film,Romantic Playback,1,0,2
Phote Je Rakta Golap,Kishore Kumar,bn,Bangla Film,Romantic Playback,1,0,2
Bhulo Na Pratham Se Din,Lata Mangeshkar,bn,Bangla Film,Romantic Playback,1,0,0
Jadi Akash Hoto Ankhi,Aarti Mukherji,bn,Bangla Film,Romantic Playback,1,0,0
Tung Tung Tung,C.L.T.,bn,Adhunik Bangla,Romantic Modern,0,0,0
Habuchandra Raja,Antara Chwdhury,bn,Children's Music,Fantasy Song,4,0,0
E Mon Amar Hariye Jay,Asha Bhosle,bn,Bangla Film,Melancholy Playback,1,0,2
Rangiye Diye Jao,Hemant Kumar,bn,Bangla Film,Romantic Playback,1,0,0
Tomar Kaache Jabo,Alka Yagnik,bn,Bangla Film,Romantic Playback,1,0,11
Sei Raate Raat Chhilo Purnima,Kishore Kumar,bn,Adhunik Bangla,Romantic Modern,0,0,5
Jafrani Rang Akashe,Asha Bhosle,bn,Bangla Film,Romantic Playback,1,0,12
Tomar Pujar Chhaley,Debabrata Biswas,bn,Rabindra Sangeet,Tagore Devotional,7,0,9
Shyam Roop Dhariya,S. D. Burman,bn,Adhunik Bangla,Romantic Modern,0,0,12
O Jhar Jhar Jharna,Lata Mangeshkar,bn,Bangla Film,Romantic Playback,1,0,11
"Madhur, Tomar Shesh Jey Na Pai",Indrani Sen,bn,Rabindra Sangeet,Tagore Classic,7,0,0
Kar Milano Chao Birahi,Indrani Sen,bn,Rabindra Sangeet,Tagore Classic,7,0,2
Pran Chay Chokkhu Na Chay,Sagar Sen,bn,Rabindra Sangeet,Tagore Classic,7,0,9
Amar Ga Chhamchham Kare,Asha Bhosle|Bappi Lahiri,bn,Bangla Film,Duet Playback,1,0,2
Esse Chhile Tobu,Debabrata Biswas,bn,Rabindra Sangeet,Tagore Classic,7,0,0
Ore Mon Pakhi,Lata Mangeshkar,bn,Bangla Film,Romantic Playback,1,0,9
Bare Bare Ke Jeno Dake,Manabendra Mukherjee,bn,Adhunik Bangla,Romantic Modern,0,0,2
Beshi Ki Boli Jakhon Boli,Bappi Lahiri|Asha Bhosle,bn,Bangla Film,Duet Playback,1,0,13
Chalo Chole Jai Haate Haat Rekhe,Asha Bhosle|R. D. Burman,bn,Bangla Film,Duet Playback,1,0,2
Bandha Moner Duar Diyechhi,Asha Bhosle,bn,Bangla Film,Romantic Playback,1,0,0
Haowa Megh Saraye Phul Jharaye,Kishore Kumar,bn,Bangla Film,Romantic Playback,1,0,9
Khukumani Go Sonaa,Antara Chwdhury|Sabita Chowdhury,bn,Children's Music,Children's Song,4,0,12
Diner Shese Ghumer Deshe,Hemant Kumar,bn,Bangla Film,Romantic Playback,1,0,9
Tari Amar Hathat Dubey Jai,Indrani Sen,bn,Rabindra Sangeet,Tagore Classic,7,0,9
Ami Tomay Jato Shuniyechhilem Gaan,Hemant Kumar,bn,Bangla Film,Romantic Playback,1,0,9
Tomar Dake Sara Dite,Aarti Mukherji,bn,Bangla Film,Romantic Playback,1,0,9
Ki Je Bhabi Elomelo,Asha Bhosle,bn,Bangla Film,Romantic Playback,1,0,9
Ekta Gaan Likho Amar Janyo,Pratima Banerjee,bn,Adhunik Bangla,Romantic Modern,0,0,8
Ei Agune Haat Rakho,Nachiketa Chakraborty,bn,Adhunik Bangla,Romantic Modern,0,0,8
Ami To Tomar Chirodiner Hnasi Kannar Sathi,Nirmal Mishra,bn,Adhunik Bangla,Romantic Modern,0,0,2
Dekte Dekte Din Chole,Mahendra Kapoor,bn,Bangla Film,Romantic Playback,1,0,2
Amio Pather Mato,Hemant Kumar,bn,Bangla Film,Romantic Playback,1,0,2
Dure Dure Kachhe Kachhe,Aarti Mukherji,bn,Bangla Film,Melancholy Playback,1,0,9
Lakshmiti Dohai Tomar,Asha Bhosle,bn,Bangla Film,Romantic Playback,1,0,8
Ekhono Sarengita Bajchhe,Haimanti Shukla,bn,Adhunik Bangla,Romantic Modern,0,0,0
Angur Angur Chokh,Asha Bhosle,bn,Bangla Film,Romantic Playback,1,0,9
Je Jon Premer Bhav Jane Na,Runa Laila,bn,Adhunik Bangla,Romantic Modern,0,0,9
O Duti Ankhi Jeno,Hemant Kumar,bn,Bangla Film,Romantic Playback,1,0,2
Tumi Nirmal Karo Mangal Kare,Panna Lal Bhattacharjee,bn,Devotional,Spiritual,5,0,8
Nabo Anande Jago Aaji,Hemant Kumar,bn,Bangla Film,Romantic Playback,1,0,11
Kaharba Noy Dadra Bajao,Manna Dey,bn,Bangla Film,Romantic Playback,1,0,2
Amay Prashna Kare Neel Dhrubatara,Hemant Kumar,bn,Bangla Film,Romantic Playback,1,0,2
Banya Banya E Aranya,Aarti Mukherji,bn,Bangla Film,Romantic Playback,1,0,5
Ki Gabo Ami Ki Shunabo,Aarti Mukherji,bn,Bangla Film,Romantic Playback,1,0,8
Praaney Gaan Naai,Indrani Sen,bn,Rabindra Sangeet,Tagore Classic,7,0,9
Dak Pathale Kaal Sakale,Asha Bhosle|R. D. Burman,bn,Bangla Film,Duet Playback,1,0,12
Tumi Esechhile Porshu,S. D. Burman,bn,Adhunik Bangla,Romantic Modern,0,0,12
Jani Na Se Kon Sudur Pare,Haimanti Shukla,bn,Adhunik Bangla,Romantic Modern,0,0,2
Dil Dariyar Majhete,Purna Das Baul,bn,Bangla Folk,Baul,2,0,9
Jani Nai Go Sadhan,Debabrata Biswas|Others,bn,Rabindra Sangeet,Tagore Classic,7,0,9
Ei Je Nadi Jay Sagare,Kishore Kumar,bn,Bangla Film,Romantic Playback,1,0,0
Kar Manjir Baje Rini,Shyamal Mitra,bn,Adhunik Bangla,Romantic Modern,0,0,12
Khonpar Ei Golap Diye,Sivaji Chatterjee,bn,Adhunik Bangla,Romantic Modern,0,0,11
Tumi Jey Surer Aagun,Indrani Sen,bn,Rabindra Sangeet,Tagore Classic,7,0,2
Bharat Amar Bharat Barsha,Manna Dey,bn,Bangla Film,Romantic Playback,1,0,0
Din Jaye Raat Jaye,Anuradha Paudwal,bn,Devotional,Bhajan,5,0,8
Bahudiner Agete Godhulir Belate,Bhupen Hazarika,bn,Adhunik Bangla,Romantic Modern,0,0,9
Amar Sesh Paraner Kodi,Debabrata Biswas,bn,Rabindra Sangeet,Tagore Romantic,7,0,0
Aaj Mon Cheyechhe,Lata Mangeshkar,bn,Bangla Film,Romantic Playback,1,0,8
Ei Je Heri Go Debi Amari,Hemant Kumar,bn,Bangla Film,Romantic Playback,1,0,2
Jiya Manat Na - Thumree,Mahendra Kapoor,bn,Bangla Film,Romantic Playback,1,0,9
Akaraney Akaley Mor,Debabrata Biswas,bn,Rabindra Sangeet,Tagore Classic,7,0,2
Se To Elo Na,Kishore Kumar,bn,Bangla Film,Romantic Playback,1,0,12
Ei Sundar Swarnali Sandhaye,Geeta Dutt,bn,Bangla Film,Romantic Playback,1,0,9
Payal Baje Chham Chham Chham - Thumree,Mahendra Kapoor,bn,Bangla Film,Romantic Playback,1,0,9
Chinechhi Chinechhi Tomar E Mon,Aarti Mukherji,bn,Bangla Film,Romantic Playback,1,0,8
Bhalobashar Moto Bhalo Kauke,Udit Narayan,bn,Bangla Film,Romantic Playback,1,0,9
Swapney Aamaar Mone Holo,Indrani Sen,bn,Rabindra Sangeet,Tagore Classic,7,0,9
Ei Edike Eso Esona,Asha Bhosle,bn,Bangla Film,Romantic Playback,1,0,12
Milan Hobe Katodine,Farida Parveen,bn,Bangla Folk,Lalon,2,0,9
Baani Tabo Dhai,Debabrata Biswas,bn,Rabindra Sangeet,Tagore Classic,7,0,9
Na Na Kache Eso Na,Lata Mangeshkar,bn,Bangla Film,Romantic Playback,1,0,2
Tomar Bhubane Phuler Mela,Akhil Bandhu Ghosh,bn,Adhunik Bangla,Romantic Modern,0,0,8
Bojho Na Keno Je,Lata Mangeshkar,bn,Bangla Film,Romantic Playback,1,0,9
Oi Padma Chokher Neel Jamunay,Shyamal Mitra,bn,Adhunik Bangla,Romantic Modern,0,0,9
Kon Bhiruke Bhoy Dekhabi,Suchitra Mitra,bn,Rabindra Sangeet,Tagore Classic,7,0,8
Pather Shes Kothay,Hemant Kumar,bn,Bangla Film,Romantic Playback,1,0,9
Jodi Jante Chao Tumi,Hemant Kumar,bn,Bangla Film,Romantic Playback,1,0,9
O Mago Ma,Antara Chwdhury,bn,Children's Music,Comic Song,4,0,12
Tomari Jharnatalar Nirjane,Asha Bhosle,bn,Bangla Film,Romantic Playback,1,0,2
Aaha Ki Darun Dekhtey,Kishore Kumar,bn,Bangla Film,Romantic Playback,1,0,2
Baro Bishad Bhara Rajani,Lata Mangeshkar|Chorus,bn,Bangla Film,Duet Playback,1,0,9
E Kemon Ranga Jadu,Bhupen Hazarika,bn,Adhunik Bangla,Romantic Modern,0,0,8
Tobu Bole Keno Sahasai,Kishore Kumar,bn,Bangla Film,Romantic Playback,1,0,0
Krishnachura Shon Shon Shon,Lata Mangeshkar,bn,Bangla Film,Romantic Playback,1,0,2
Tui Ki Amar Putul Putul,Manna Dey,bn,Children's Music,Children's Song,4,0,2
Naam Amar Kishore Kumar Ganguly,Kishore Kumar,bn,Adhunik Bangla,Tribute Song,0,0,5
Jeno Kichhu Mone Korona,Akhil Bandhu Ghosh,bn,Adhunik Bangla,Romantic Modern,0,0,11
Chokhe Naame Brishti,Asha Bhosle,bn,Bangla Film,Romantic Playback,1,0,12
Opare Thakbo Ami,Kishore Kumar,bn,Bangla Film,Romantic Playback,1,0,11
Khub Chena Chena Mukhkhani,Asha Bhosle,bn,Bangla Film,Romantic Playback,1,0,12
O Shyam Jakhan Takhan,Sujata Mukherjee|Aarti Mukherji,bn,Bangla Film,Duet Playback,1,0,0
Baba O Khoka,Kishore Kumar,bn,Bangla Film,Romantic Playback,1,0,2
Amar Mon Manne Na,Asha Bhosle,bn,Bangla Film,Romantic Playback,1,0,2
Ekti Kunri Duti Pata,Bhupen Hazarika,bn,Adhunik Bangla,Romantic Modern,0,0,0
Putul Putul,Antara Chwdhury,bn,Children's Music,Children's Song,4,0,11
Aamar Moner Kato Sukh Niye,Mukesh,bn,Bangla Film,Romantic Playback,1,0,11
Jaubansarosinire,Hemant Kumar,bn,Bangla Film,Romantic Playback,1,0,0
O Mor Moyna Go,Lata Mangeshkar,bn,Bangla Folk,Folk Song,2,0,2
Nijhum Nishithe,Hemant Kumar,bn,Bangla Film,Romantic Playback,1,0,9
E Manihar Amay Nahi Saje,Hemant Kumar,bn,Bangla Film,Romantic Playback,1,0,0
O Aamar Kandher Anchal,Asha Bhosle,bn,Bangla Film,Romantic Playback,1,0,12
Anek Jamano Byatha,Kishore Kumar,bn,Bangla Film,Romantic Playback,1,0,9
Jodi Jante Chao Tumi,Hemant Kumar,bn,Bangla Film,Romantic Playback,1,0,0
Saat Suron Ki Bandh Payeliya,Hemant Kumar|Shakti Thakur,bn,Bangla Film,Duet Playback,1,0,12
Ekkhana Megh Bhese Elo Akashe,Bhupen Hazarika,bn,Adhunik Bangla,Romantic Modern,0,0,5
Chokhe Chokh Rekhe - Kishore Kumar,Kishore Kumar,bn,Bangla Film,Romantic Playback,1,0,8
Ore Mon Ke Emon Daga,Amit Kumar|Bhupinder Singh|Mohammed Rafi|Aarti Mukherji,bn,Bangla Film,Duet Playback,1,0,2
E Mon Mor Jani Na Kotha Je Haralo,Nirmal Mishra,bn,Adhunik Bangla,Romantic Modern,0,0,0
Amar Silpi Kishore Kumar,Kumar Sanu,bn,Bangla Film,Romantic Playback,1,0,2
Ke Jay Re,Asha Bhosle,bn,Bangla Film,Romantic Playback,1,0,0
Pretty in Pink,The Psychedelic Furs,en,rock,permanent wave,13,1,1
Good Stuff,UGK,en,rap,southern hip hop,12,1,4
Upgraded,Capital Kings,en,edm,progressive electro house,8,1,4
Body Language (feat. Usher & Tinashe),Kid Ink,en,pop,post-teen pop,10,1,13
My Homeboy's Girlfriend,8Ball,en,rap,southern hip hop,12,1,3
The Needle And The Spoon,Lynyrd Skynyrd,en,rock,classic rock,13,1,7
Rain,Status Quo,en,rock,hard rock,13,1,1
X's We Share,Jodeci,en,r&b,new jack swing,11,1,3
Feelin' Alright,Joe Cocker,en,rock,album rock,13,1,7
Hurts 2B Human (feat. Khalid) - Midnight Kids Remix,P!nk,en,edm,big room,8,1,7
No One Knows Who We Are (Radio Edit) (feat. Lights),Kaskade,en,edm,progressive electro house,8,1,1
Stronger,Prismo,en,pop,electropop,10,1,5
I Feel The Love,Tritonal,en,pop,dance pop,10,1,7
Futsal Shuffle 2020,Lil Uzi Vert,en,rap,hip hop,12,1,5
Baby I'm Yours - Re-Recorded,Shai,en,r&b,new jack swing,11,1,3
Come To Life,Neon Feather,en,pop,dance pop,10,1,1
Homicide (feat. Eminem),Logic,en,rap,hip hop,12,1,4
The Ghost in You,The Psychedelic Furs,en,rock,permanent wave,13,1,3
Is It Love,3LAU,en,latin,tropical,9,1,1
On GOD (with YG & Tyga feat. A$AP Ferg & A$AP Rocky),Mustard,en,rap,hip hop,12,1,6
Glory Days,Bruce Springsteen,en,rock,hard rock,13,1,7
Jungle Boogie,Kool & The Gang,en,r&b,urban contemporary,11,1,7
Everything and More (feat. Aaron Cole),Hollyn,en,pop,dance pop,10,1,13
In The Lap Of The Gods... Revisited - Remastered 2011,Queen,en,rock,album rock,13,1,3
The Humpty Dance,Digital Underground,en,r&b,new jack swing,11,1,6
Shake Whatcha Mama Gave Ya',Poison Clan,en,rap,southern hip hop,12,1,10
Have You Ever,Brandy,en,r&b,new jack swing,11,1,3
The Way I Are (Dance with Somebody) (feat. Lil Wayne) - Spotify Version,Bebe Rexha,en,r&b,hip pop,11,1,11
Don't Check On Me (feat. Justin Bieber & Ink),Chris Brown,en,latin,latin pop,9,1,3
Hail Mary,2Pac,en,rap,gangster rap,12,1,6
Centerfold,The J. Geils Band,en,rock,classic rock,13,1,3
Waverunners,dopeSMOOTHIES,en,rap,southern hip hop,12,1,4
Hallucinogenics,Matt Maeson,en,pop,indie poptimism,10,1,3
Somebody I'm Not,Martin Jensen,en,latin,tropical,9,1,7
Fangirl,Lil Peep,en,r&b,urban contemporary,11,1,11
Lovers on the Sun (feat. Sam Martin),David Guetta,en,edm,electro house,8,1,1
Round and Round,Ratt,en,rock,classic rock,13,1,1
With You,Tony Terry,en,r&b,new jack swing,11,1,3
More Than You Know,Axwell /\ Ingrosso,en,pop,dance pop,10,1,1
But God,Isaac Carree,en,r&b,neo soul,11,1,10
OCD (with Dwn2earth),Logic,en,rap,hip hop,12,1,6
Cool,Jonas Brothers,en,r&b,hip pop,11,1,7
Sunshine (feat. Lea) - Explicit Album Version,Lil' Flip,en,rap,hip hop,12,1,3
Cum on Feel the Noize,Quiet Riot,en,rock,classic rock,13,1,5
Electricity,Culture Code,en,edm,pop edm,8,1,1
Emotion,Mia Rodriguez,en,r&b,hip pop,11,1,5
Take Me Home (feat. Bebe Rexha),Cash Cash,en,edm,progressive electro house,8,1,1
Animals,Martin Garrix,en,edm,big room,8,1,11
I Need A Lover,John Mellencamp,en,rock,classic rock,13,1,7
Rock Wit U (Awww Baby),Ashanti,en,r&b,hip pop,11,1,7
Keep Yourself Alive - 2011 Mix,Queen,en,rock,album rock,13,1,13
The Next Time I Fall (with Amy Grant),Peter Cetera,en,rock,album rock,13,1,3
Where The Hood At,DMX,en,rap,gangster rap,12,1,10
Animal Instinct,The Cranberries,en,rock,album rock,13,1,1
I'm Ready,Tevin Campbell,en,r&b,new jack swing,11,1,7
The Boys Of Summer,Don Henley,en,rock,album rock,13,1,3
Did You Ever Think - Remix - Radio Edit,R. Kelly,en,r&b,new jack swing,11,1,6
Redbone,Childish Gambino,en,r&b,urban contemporary,11,1,3
I Just Want You,Caleb Hawley,en,r&b,neo soul,11,1,3
Treat You Better,Shawn Mendes,en,pop,dance pop,10,1,6
Bia' Bia',Lil Jon,en,rap,southern hip hop,12,1,6
Clan In Da Front,Wu-Tang Clan,en,rap,southern hip hop,12,1,6
When I See You Smile,Bad English,en,rock,album rock,13,1,13
Alladat,Jarren Benton,en,r&b,urban contemporary,11,1,10
Fireflies,Owl City,en,pop,post-teen pop,10,1,11
Thinking About You (feat. Ayah Marar),Calvin Harris,en,pop,electropop,10,1,1
Be the One,Dua Lipa,en,pop,electropop,10,1,13
Not Gon' Cry,Mary J. Blige,en,r&b,new jack swing,11,1,3
Feel,Victors,en,pop,indie poptimism,10,1,7
"You're Gonna Go Far, Kid",The Offspring,en,pop,post-teen pop,10,1,1
Can't You See,The Marshall Tucker Band,en,rock,album rock,13,1,1
Money For Nothing,Dire Straits,en,rock,classic rock,13,1,1
Used To,Drake,en,r&b,urban contemporary,11,1,13
Banquet,Bloc Party,en,rock,album rock,13,1,1
How We Party,R3HAB,en,edm,big room,8,1,1
Outta My System,Bow Wow,en,r&b,hip pop,11,1,6
2 MUCH (feat. 24hrs) (feat. 24hrs),Flosstradamus,en,rap,trap,12,1,5
Better Give U Up,FKJ,en,r&b,neo soul,11,1,6
With Me,dvsn,en,r&b,neo soul,11,1,3
Bang Bang,YNW Melly,en,rap,hip hop,12,1,10
Renaissance (feat. Clairity),Steve James,en,edm,pop edm,8,1,3
2U (feat. Justin Bieber),David Guetta,en,pop,electropop,10,1,5
Stutter,Marianas Trench,en,pop,post-teen pop,10,1,1
Boom Boom Pow,The Black Eyed Peas,en,pop,post-teen pop,10,1,1
Make tha Trap Say Aye (feat. Gucci Mane),OJ Da Juiceman,en,rap,southern hip hop,12,1,10
You Are the One Thing,Bright City,en,edm,progressive electro house,8,1,5
High School Dropout,Neon Dreams,en,pop,electropop,10,1,10
Make 'Em Say Ugh,Master P,en,rap,southern hip hop,12,1,4
Ruby,Kaiser Chiefs,en,rock,permanent wave,13,1,1
Paranoid,Black Sabbath,en,rock,classic rock,13,1,11
Easy Love,Sigala,en,latin,tropical,9,1,1
Paradise,Demun Jones,en,rap,southern hip hop,12,1,7
The Flute Song,Russ,en,rap,hip hop,12,1,10
Radar Love,Golden Earring,en,rock,album rock,13,1,13
slow motion,flor,en,pop,indie poptimism,10,1,7
Thief,Ookay,en,rap,trap,12,1,1
Society,Eddie Vedder,en,rock,permanent wave,13,1,2
Starstruck,Christopher Wilde,en,pop,post-teen pop,10,1,1
I Don't Fuck With You,Big Sean,en,pop,post-teen pop,10,1,7
Still Frame,Trapt,en,rock,hard rock,13,1,10
Issues/Hold On,Teyana Taylor,en,r&b,urban contemporary,11,1,3
Stellar,Jamila Woods,en,r&b,neo soul,11,1,3
Sloppy Seconds,Watsky,en,pop,indie poptimism,10,1,13
Party Rock Anthem,LMFAO,en,pop,post-teen pop,10,1,5
Right Down the Line,Gerry Rafferty,en,rock,album rock,13,1,3
Ether,Nas,en,rap,gangster rap,12,1,4
Bootie in Your Face - No Rock Drop,Deorro,en,edm,electro house,8,1,1
Calm Down,G-Eazy,en,rap,hip hop,12,1,4
Cheerleader (Felix Jaehn Remix) - Radio Edit,OMI,en,latin,latin hip hop,9,1,3
Heartbeat,Claptone,en,pop,electropop,10,1,13
Kali Yuga,Ghostemane,en,rap,gangster rap,12,1,1
First Time - Gryffin Remix,Kygo,en,edm,electro house,8,1,7
Finally // beautiful stranger,Halsey,en,pop,dance pop,10,1,5
My Body,Young the Giant,en,pop,indie poptimism,10,1,1
Save It For A Rainy Day,Stephen Bishop,en,rock,classic rock,13,1,3
Do You Think About Me,50 Cent,en,rap,gangster rap,12,1,6
One Woman Man,Dave Hollister,en,r&b,new jack swing,11,1,7
No More,Disturbed,en,rock,hard rock,13,1,1
Lullaby - Calvo Remix,Sigala,en,edm,electro house,8,1,1
You Make My Dreams - Remastered,Daryl Hall & John Oates,en,pop,post-teen pop,10,1,3
United We Are,Hardwell,en,edm,big room,8,1,5
Love Will Tear Us Apart - 2010 Remaster,Joy Division,en,pop,electropop,10,1,7
Again,Wun Two,en,latin,tropical,9,1,6
Perfect Strangers,Jonas Blue,en,pop,indie poptimism,10,1,7
Applause,Lady Gaga,en,pop,post-teen pop,10,1,1
Turnin' Me Up,BJ The Chicago Kid,en,r&b,neo soul,11,1,7
Faded - Dash Berlin Remix,Alan Walker,en,pop,electropop,10,1,1
TRUE - Single Edit,Spandau Ballet,en,pop,electropop,10,1,3
Heroes (we could be),Alesso,en,pop,dance pop,10,1,1
Picture Perfect,Man Overboard,en,pop,post-teen pop,10,1,1
Shoot Shoot - 2007 Remastered Version,UFO,en,rock,hard rock,13,1,7
Back In Black,AC/DC,en,pop,post-teen pop,10,1,1
The Weekend - Funk Wav Remix,SZA,en,pop,electropop,10,1,13
Beauty,Dru Hill,en,r&b,urban contemporary,11,1,12
The Boys Are Back In Town,Thin Lizzy,en,rock,hard rock,13,1,7
Down 4 Whateva,Nuttin' Nyce,en,r&b,new jack swing,11,1,7
Another Day,Jamie Lidell,en,rock,album rock,13,1,7
Gz And Hustlas (feat. Nancy Fletcher),Snoop Dogg,en,rap,gangster rap,12,1,6
Turning Up,ARASHI,en,pop,dance pop,10,1,7
Sometimes When We Touch,Dan Hill,en,rock,album rock,13,1,12
Closely,August Roads,en,pop,indie poptimism,10,1,12
High Pressure Dave,HEALTH,en,pop,electropop,10,1,7
Metal,Gary Numan,en,rock,permanent wave,13,1,13
Take Me Home Tonight,Eddie Money,en,rock,album rock,13,1,7
Blue Lights,Jorja Smith,en,r&b,urban contemporary,11,1,6
Rehab,Amy Winehouse,en,r&b,neo soul,11,1,7
Emotionless,Drake,en,r&b,hip pop,11,1,5
Morning Starship,Morrissey,en,rock,classic rock,13,1,1
Don't Worry (feat. Ray Dalton) - Matoma Remix,Madcon,en,edm,pop edm,8,1,7
CAPO,NLE Choppa,en,rap,gangster rap,12,1,1
All Night,Parov Stelar,en,edm,electro house,8,1,13
Burden,Foy Vance,en,r&b,neo soul,11,1,12
Band of Gypsies - Edit,Cypress Hill,en,latin,latin hip hop,9,1,1
Break Your Heart,Taio Cruz,en,edm,pop edm,8,1,7
Adios,EVERGLOW,en,pop,dance pop,10,1,5
Hate Me Now (feat.- Puff Daddy),Nas,en,rap,gangster rap,12,1,6
Dancer,Gino Soccio,en,edm,progressive electro house,8,1,13
Look What You Made Me Do,Taylor Swift,en,pop,post-teen pop,10,1,5
Sever,Red,en,rock,hard rock,13,1,1
"Why You Get Funky On Me - From ""House Party"" Soundtrack",Today,en,r&b,new jack swing,11,1,3
Snapping,CHUNG HA,en,pop,dance pop,10,1,1
We Are,ONE OK ROCK,en,rock,album rock,13,1,1
Adios,Kim Viera,en,latin,latin pop,9,1,11
Girls Just Want to Have Fun,Cyndi Lauper,en,pop,electropop,10,1,7
Amsterdam,Rick Ross,en,rap,southern hip hop,12,1,1
Intoxicated - Radio Edit,Martin Solveig,en,pop,electropop,10,1,7
Answer is near,ONE OK ROCK,en,rock,album rock,13,1,10
Loyal,ODESZA,en,rap,trap,12,1,1
Work,Rihanna,en,rap,southern hip hop,12,1,13
Go to Sleep Little Baby,Niykee Heaton,en,pop,indie poptimism,10,1,12
Almeda,Solange,en,r&b,neo soul,11,1,3
6 Man,Drake,en,r&b,urban contemporary,11,1,4
Show Me Love - Original Mix,Sam Feldt,en,edm,progressive electro house,8,1,3
Las Palabras De Amor (The Words Of Love) - Remastered 2011,Queen,en,rock,album rock,13,1,3
Holy,Jamila Woods,en,r&b,neo soul,11,1,11
How Sweet It Is (To Be Loved by You),James Taylor,en,rock,classic rock,13,1,3
No Fear (feat. Donna Missal),Rudimental,en,edm,electro house,8,1,13
World In My Eyes - 2006 Remastered Version,Depeche Mode,en,pop,electropop,10,1,1
ghostin,Ariana Grande,en,pop,post-teen pop,10,1,2
Lost,Gareth Emery,en,edm,progressive electro house,8,1,1
679 (feat. Remy Boyz),Fetty Wap,en,rap,hip hop,12,1,10
Chemistry,Wiwek,en,edm,progressive electro house,8,1,6
High Hopes,Panic! At The Disco,en,pop,post-teen pop,10,1,7
Paris,Magic Man,en,pop,indie poptimism,10,1,1
Cameras,Matt and Kim,en,pop,indie poptimism,10,1,1
Ain't My Fault - R3hab Remix,Zara Larsson,en,rap,trap,12,1,1
Blue Ocean Floor,Justin Timberlake,en,r&b,urban contemporary,11,1,12
Behind Barz - Bonus,Drake,en,rap,hip hop,12,1,11
Back To You - From 13 Reasons Why – Season 2 Soundtrack,Selena Gomez,en,pop,indie poptimism,10,1,7
Sending My Love,Zhané,en,r&b,new jack swing,11,1,3
Only Girl,Kali Uchis,en,r&b,neo soul,11,1,5
Feeling Good,Demun Jones,en,rap,southern hip hop,12,1,7
Invisible Touch - 2007 Remaster,Genesis,en,rock,album rock,13,1,7
Another Day,Paul McCartney,en,rock,album rock,13,1,3
Hey Now - Arty Remix,London Grammar,en,edm,progressive electro house,8,1,1
Icarus,Kojey Radical,en,r&b,neo soul,11,1,4
I just need U. - Capital Kings Remix,TobyMac,en,edm,progressive electro house,8,1,5
Wait For You (feat. Maia Wright),Mike Williams,en,edm,progressive electro house,8,1,13
It's your life (feat. Chris Willis),David Guetta,en,edm,progressive electro house,8,1,5
Get Down,Nas,en,rap,gangster rap,12,1,6
New Light,John Mayer,en,pop,dance pop,10,1,7
Nothin' But The Cavi Hit,Mack 10,en,rap,southern hip hop,12,1,13
Gucci Gang,Lil Pump,en,rap,gangster rap,12,1,3
Voices In My Head,NIVIRO,en,edm,big room,8,1,11
Next To Me,Axel Johansson,en,pop,dance pop,10,1,11
Self Importance,Kilo Kish,en,r&b,neo soul,11,1,13
Neighbour,Verses,en,pop,dance pop,10,1,5
Tonight,MOTi,en,edm,progressive electro house,8,1,5
It's Alright,Jodeci,en,r&b,new jack swing,11,1,13
Better,Khalid,en,pop,electropop,10,1,3
Fractures,ILLENIUM,en,edm,pop edm,8,1,11
Bad - 2012 Remaster,Michael Jackson,en,rock,classic rock,13,1,1
Don't Miss Me? - UNKLFNKL Remix,Marianas Trench,en,pop,indie poptimism,10,1,6
Feeling Lonely,boy pablo,en,pop,indie poptimism,10,1,13
Afternoon,TENDER,en,pop,indie poptimism,10,1,13
Take It Off,Two Friends,en,pop,indie poptimism,10,1,7
I Luv It,Jeezy,en,rap,southern hip hop,12,1,13
MMMBop,Hanson,en,rock,permanent wave,13,1,7
This Love - Acoustic,Maroon 5,en,latin,latin pop,9,1,3
Original Don (feat. The Partysquad) [Flosstradamus Remix],Major Lazer,en,rap,trap,12,1,1
Jailhouse Rock,Elvis Presley,en,rock,classic rock,13,1,5
The House of the Rising Sun,The Animals,en,rock,hard rock,13,1,13
Ice Cream Man,Tyga,en,r&b,urban contemporary,11,1,5
Where I Won't Be Found,Seven Lions,en,edm,pop edm,8,1,1
Breakaway,Kelly Clarkson,en,pop,post-teen pop,10,1,5
On my shoulders,The Dø,en,rock,album rock,13,1,13
Kids in Love - Don Diablo Remix,Kygo,en,pop,dance pop,10,1,5
2 Of Amerikaz Most Wanted,2Pac,en,rap,southern hip hop,12,1,7
Torn,LeToya,en,r&b,urban contemporary,11,1,10
Crashing (feat. Bahari),ILLENIUM,en,edm,pop edm,8,1,13
Alarm,Olly James,en,edm,progressive electro house,8,1,10
Rise (feat. Skylar Grey),David Guetta,en,pop,electropop,10,1,5
Wild Wild Son - Club Mix,Armin van Buuren,en,edm,progressive electro house,8,1,5
Back on the Chain Gang,Morrissey,en,rock,permanent wave,13,1,1
Save Me Pt 2 (feat. Austin Lam),Ski Mask The Slump God,en,r&b,urban contemporary,11,1,3
West End Girls - 2001 Remaster,Pet Shop Boys,en,rock,permanent wave,13,1,1
Make Me Wanna Die,The Pretty Reckless,en,rock,hard rock,13,1,1
Kobe,Chief Keef,en,rap,southern hip hop,12,1,6
Faded - Tiesto's Northern Lights Remix,Alan Walker,en,edm,electro house,8,1,1
Get to You Again,Mac Ayres,en,r&b,neo soul,11,1,3
Cot Damn (feat. Ab-Liva & Rosco P. Coldchain),Clipse,en,rap,southern hip hop,12,1,4
Joy To The World,Three Dog Night,en,rock,album rock,13,1,3
Somebody That I Used To Know - 4FRNT Remix,Gotye,en,edm,pop edm,8,1,7
Remember the Name (feat. Styles of Beyond),Fort Minor,en,rock,hard rock,13,1,7
I Decided,Liv Warfield,en,r&b,neo soul,11,1,3
The Same Way,Don Diablo,en,edm,pop edm,8,1,1
Losing U (feat. Daylight) - Radio Edit,Klingande,en,pop,indie poptimism,10,1,13
Sneak Diss (feat. So6ix),Ghostemane,en,rap,gangster rap,12,1,1
Cake By The Ocean,DNCE,en,latin,latin hip hop,9,1,7
Molly,Tyga,en,rap,gangster rap,12,1,7
Whole Lotta Love,Santana,en,rock,classic rock,13,1,1
Do Me!,Bell Biv DeVoe,en,r&b,new jack swing,11,1,7
Black Butterflies,Kill The Buzz,en,edm,big room,8,1,1
Let Me Love You - Marshmello Remix,DJ Snake,en,rap,trap,12,1,1
Gullah Gullah Island,Dear Silas,en,r&b,urban contemporary,11,1,2
Before You Go,Lewis Capaldi,en,pop,post-teen pop,10,1,13
Young,The Chainsmokers,en,pop,electropop,10,1,7
Big Faces,Geto Boys,en,rap,southern hip hop,12,1,6
Rumors,Lindsay Lohan,en,pop,post-teen pop,10,1,1
I Just Wanna Party,YG,en,rap,gangster rap,12,1,6
Sound of da Police,KRS-One,en,rap,southern hip hop,12,1,6
No Right To Love You - Acoustic,Rhys Lewis,en,r&b,urban contemporary,11,1,3
everything i wanted,Billie Eilish,en,pop,dance pop,10,1,12
There for You,Martin Garrix,en,pop,electropop,10,1,13
Bring Da Ruckus,Wu-Tang Clan,en,rap,southern hip hop,12,1,4
Same Old Song,The Weeknd,en,r&b,urban contemporary,11,1,13
Gimme Back My Bullets,Lynyrd Skynyrd,en,rock,classic rock,13,1,7
Love My Way,The Psychedelic Furs,en,rock,permanent wave,13,1,7
Limitless - Radio Mix,BURNS,en,edm,progressive electro house,8,1,1
All That I Am,Joe,en,r&b,urban contemporary,11,1,3
Nowhere to Run,Brennan Savage,en,rap,gangster rap,12,1,3
Cool Side Of The Pillow,Kyle Dion,en,r&b,neo soul,11,1,5
Wherever You Will Go,The Calling,en,rock,album rock,13,1,7
If The World,Guns N' Roses,en,rock,album rock,13,1,7
Step by Step,New Kids On The Block,en,r&b,new jack swing,11,1,3
Silhouettes - Original Radio Edit,Avicii,en,edm,pop edm,8,1,1
Who I Am,Wage War,en,rock,hard rock,13,1,1
747,Bill Callahan,en,r&b,hip pop,11,1,12
Never Know,6LACK,en,r&b,urban contemporary,11,1,6
Rattle Your Cage,Skrizzly Adams,en,rock,classic rock,13,1,11
Beautiful Life,Lost Frequencies,en,pop,indie poptimism,10,1,13
Act a Fool,Rick Ross,en,rap,hip hop,12,1,5
Yeah!!!,Pastor Troy,en,rap,southern hip hop,12,1,1
Malibu,Miley Cyrus,en,pop,dance pop,10,1,1
Slow Ride,Foghat,en,rock,classic rock,13,1,7
No Denying,J Hus,en,r&b,urban contemporary,11,1,10
Forever Live My Name,Lil Rob,en,latin,latin hip hop,9,1,13
Dirty Deeds Done Dirt Cheap,AC/DC,en,rock,album rock,13,1,5
"Glowstix, Neon & Blood",Incubite,en,pop,electropop,10,1,7
The One - Radio Edit,Jorja Smith,en,r&b,neo soul,11,1,3
Summiteer,Watch Out Stampede,en,rock,hard rock,13,1,5
Someday,The Strokes,en,rock,permanent wave,13,1,7
Brightest Light - Radio Edit,FDVM,en,pop,indie poptimism,10,1,13
SOS - Laidback Luke Tribute Remix / Radio Edit,Avicii,en,pop,dance pop,10,1,1
God Is a DJ,Faithless,en,pop,dance pop,10,1,5
24K Magic - R3hab Remix,Bruno Mars,en,edm,pop edm,8,1,6
Can't Feel My Face,The Weeknd,en,pop,electropop,10,1,13
Lost In Stereo,All Time Low,en,pop,post-teen pop,10,1,1
Message In A Bottle - Remastered 2003,The Police,en,rock,classic rock,13,1,1
Supernatural,Apollo LTD,en,pop,indie poptimism,10,1,7
Where The Hood At,DMX,en,rap,gangster rap,12,1,10
Hear Me Calling,Juice WRLD,en,rap,trap,12,1,13
Smooth (feat. Rob Thomas),Santana,en,rock,permanent wave,13,1,7
Opposites Attract,Paula Abdul,en,r&b,new jack swing,11,1,7
Into The Great Wide Open,Tom Petty and the Heartbreakers,en,rock,permanent wave,13,1,3
Sittin' Sidewayz (feat. Big Pokey),Paul Wall,en,rap,hip hop,12,1,10
Shooter,Lil Wayne,en,rap,southern hip hop,12,1,6
Titanium (feat. Sia),David Guetta,en,pop,post-teen pop,10,1,1
Over And Over,Sylvester,en,edm,progressive electro house,8,1,7
2000 Rounds,Pouya,en,rap,gangster rap,12,1,4
Sweet Emotion - Single Version,Aerosmith,en,rock,hard rock,13,1,7
Sketches of Pain,Audible Mainframe,en,r&b,neo soul,11,1,13
Pray to God - R3hab Remix,Calvin Harris,en,edm,big room,8,1,5
Confessions Part II - Confessions Special Edition Version,Usher,en,r&b,hip pop,11,1,3
Little Do You Know,Alex & Sierra,en,edm,pop edm,8,1,12
Fortunate,Maxwell,en,r&b,neo soul,11,1,13
Pon De Floor,Major Lazer,en,latin,latin hip hop,9,1,6
I Wonder if I Take You Home,Full Force,en,r&b,new jack swing,11,1,1
We Are Never Ever Getting Back Together,Taylor Swift,en,pop,post-teen pop,10,1,7
Shower the People,James Taylor,en,rock,classic rock,13,1,3
Carillon (with Achille Lauro),Nahaze,en,pop,dance pop,10,1,5
Heartbreaker,Her Bright Skies,en,rock,hard rock,13,1,5
Wicked,GRiZ,en,pop,indie poptimism,10,1,5
40th Street Black / We Will Fight,Wu-Tang Clan,en,rap,southern hip hop,12,1,6
Woke Up Late (feat. Hailee Steinfeld),Drax Project,en,r&b,hip pop,11,1,13
Sea Sick,Fat Nick,en,rap,gangster rap,12,1,10
"I'm the One (feat. Justin Bieber, Quavo, Chance the Rapper & Lil Wayne)",DJ Khaled,en,latin,latin hip hop,9,1,7
Crazy On You,Heart,en,rock,hard rock,13,1,13
Hella Neck,Carnage,en,rap,hip hop,12,1,4
Walk Away,Franz Ferdinand,en,rock,permanent wave,13,1,7
Watching The World,Surahn,en,r&b,neo soul,11,1,3
Mary Jane's Last Dance,Tom Petty and the Heartbreakers,en,rap,southern hip hop,12,1,5
Peanut Butter Jelly - Genairo Nvilla Remix,Galantis,en,latin,latin hip hop,9,1,1
Howl,Beware Of Darkness,en,rap,southern hip hop,12,1,7
Paradise,Rex Orange County,en,pop,indie poptimism,10,1,3
I Feel It Coming,The Weeknd,en,pop,post-teen pop,10,1,13
Heart Don't Stand a Chance,Anderson .Paak,en,r&b,urban contemporary,11,1,7
Whyyawannabringmedown,Aranda,en,rock,hard rock,13,1,1
Days Gone By,Van Morrison,en,rock,classic rock,13,1,7
Patek Water,Future,en,rap,gangster rap,12,1,5
Your Side Of The Bed,Loote,en,pop,indie poptimism,10,1,7
Patiently Waiting,50 Cent,en,rap,gangster rap,12,1,6
I Need Love,LL Cool J,en,r&b,new jack swing,11,1,6
The Wrong Ones,JC Stewart,en,latin,latin hip hop,9,1,11
Time of Dying,Three Days Grace,en,rock,hard rock,13,1,5
Don't Cry (Original),Guns N' Roses,en,rock,classic rock,13,1,1
Die For You,Red,en,rock,hard rock,13,1,1
Let You Know - Nathan C Remix,Flume,en,edm,progressive electro house,8,1,5
On Top Of The World,Imagine Dragons,en,latin,latin hip hop,9,1,7
One Day,UGK,en,rap,southern hip hop,12,1,6
Black Horse And The Cherry Tree,KT Tunstall,en,rock,album rock,13,1,7
You & Me - Flume Remix,Disclosure,en,rap,trap,12,1,13
High On Life (feat. Bonn),Martin Garrix,en,pop,dance pop,10,1,13
"Rhythm Is A Dancer - 7"" Edit",SNAP!,en,pop,dance pop,10,1,13
Can't Fight This Feeling,REO Speedwagon,en,rock,hard rock,13,1,3
Runaway,Halcyon,en,latin,tropical,9,1,10
Smilin,Demun Jones,en,rap,southern hip hop,12,1,5
BOSS,The Carters,en,r&b,hip pop,11,1,10
Self Control,Frank Ocean,en,r&b,neo soul,11,1,3
Fool's Gold,Jill Scott,en,r&b,neo soul,11,1,13
Lockjaw (feat. Kodak Black),French Montana,en,rap,gangster rap,12,1,10
Glory Days,Bruce Springsteen,en,rock,classic rock,13,1,7
Whatever It Takes,Imagine Dragons,en,pop,post-teen pop,10,1,5
Sunday Bloody Sunday - Remastered 2008,U2,en,rock,classic rock,13,1,7
All or Nothing - Sultan + Shepard Remix,Lost Frequencies,en,latin,tropical,9,1,1
Dive (feat. Cosmos & Creature) (feat. Cosmos & Creature),Attom,en,edm,pop edm,8,1,11
Kiss You All Over,Exile,en,rock,classic rock,13,1,12
Candy Rain,Soul For Real,en,r&b,new jack swing,11,1,5
GAMES ON YOUR PHONE,24kGoldn,en,r&b,urban contemporary,11,1,5
Don't Give Up,Chicane,en,edm,progressive electro house,8,1,13
Time In,Billy Marchiafava,en,rap,trap,12,1,11
In The Middle,dodie,en,pop,indie poptimism,10,1,3
That's Why (You Go Away) - 2014 Remastered Version,Michael Learns To Rock,en,rock,album rock,13,1,3
I Need A Hot Girl,Hot Boys,en,rap,hip hop,12,1,6
Express Yourself,Charles Wright & The Watts 103rd Street Rhythm Band,en,r&b,urban contemporary,11,1,3
BAD KID,Night Lovell,en,rap,gangster rap,12,1,12
Unstoppable,Paperwhite,en,pop,indie poptimism,10,1,13
It's a Sin - 2001 Remaster,Pet Shop Boys,en,pop,electropop,10,1,11
Nothin' But The Cavi Hit,Mack 10,en,rap,gangster rap,12,1,13
Unknown (To You),Jacob Banks,en,r&b,urban contemporary,11,1,9
Killing In The Name,Rage Against The Machine,en,rock,permanent wave,13,1,6
There Are Too Many Of Us,Blur,en,rock,permanent wave,13,1,7
Do Me Right,Guy,en,r&b,new jack swing,11,1,13
Bow Down,I Prevail,en,rock,hard rock,13,1,1
Glow - JSapp Remix,Britt Nicole,en,edm,progressive electro house,8,1,1
Cough Syrup,Young the Giant,en,pop,post-teen pop,10,1,5
Blame,Bryson Tiller,en,r&b,neo soul,11,1,13
Stone,Agnes Obel,en,pop,indie poptimism,10,1,12
Tell Your Friends,The Weeknd,en,r&b,neo soul,11,1,3
Is It Good To You,Teddy Riley,en,r&b,new jack swing,11,1,7
I Gotta Feeling,The Black Eyed Peas,en,latin,latin hip hop,9,1,7
Carry On - Nicky Romero Remix,Kygo,en,pop,dance pop,10,1,5
Before You Hit The Ground,Jonny Lang,en,rock,classic rock,13,1,13
Driftin' Blues,Charles Brown,en,rock,classic rock,13,1,12
Between The Devil And The Deep Blue Sea,George Harrison,en,rock,permanent wave,13,1,3
Since U Been Gone,Kelly Clarkson,en,latin,latin hip hop,9,1,7
Miss You Much,Janet Jackson,en,r&b,new jack swing,11,1,1
Stars,VIZE,en,edm,electro house,8,1,1
Flash Funk (feat. Marshmello),League of Legends,en,edm,big room,8,1,5
Oxygen,Maia Mitchell,en,pop,post-teen pop,10,1,1
I Found You (with Calvin Harris),benny blanco,en,pop,dance pop,10,1,1
Don't Stop Me Now - 2011 Mix,Queen,en,rock,album rock,13,1,5
MONOMANIA,The Word Alive,en,rock,hard rock,13,1,5
This Ain't My Day,Fredro Starr,en,rap,southern hip hop,12,1,13
Do Me Right,Guy,en,r&b,new jack swing,11,1,13
Stitches,Shawn Mendes,en,pop,post-teen pop,10,1,7
Twenty Eight,The Weeknd,en,r&b,urban contemporary,11,1,13
In the Morning (feat. Syd & Thundercat),Mac Miller,en,r&b,hip pop,11,1,10
In Trance - Studio Edit,Scorpions,en,rock,hard rock,13,1,1
Bad Blood,Nao,en,r&b,urban contemporary,11,1,13
Somethin Out of Nothin' (feat. Saara Maria),Joomanji,en,r&b,neo soul,11,1,6
Never Really Over - R3HAB Remix,Katy Perry,en,pop,dance pop,10,1,5
Bankroll,Taz,en,rap,gangster rap,12,1,13
Sometimes I Wonder,Darius Rucker,en,r&b,neo soul,11,1,13
I Never Loved a Man (The Way I Love You),Aretha Franklin,en,r&b,neo soul,11,1,3
Me and My Downfall,DeeExpus,en,rock,album rock,13,1,7
Steambreather,Mastodon,en,rock,hard rock,13,1,5
Heartbreaker - 1990 Remaster,Led Zeppelin,en,rock,classic rock,13,1,7
Chainsmoking,Jacob Banks,en,pop,indie poptimism,10,1,5
Tilt,Scott Walker,en,rock,permanent wave,13,1,3
Body Parts,Raphael Saadiq,en,r&b,neo soul,11,1,3
Tainted Love,Soft Cell,en,rock,classic rock,13,1,2
Love Me Less (feat. Quinn XCII) - Party Pupils Remix,MAX,en,pop,dance pop,10,1,7
Sweet November,Troop,en,r&b,new jack swing,11,1,3
make daddy proud,blackbear,en,pop,electropop,10,1,3
The Pressure,The Cranberries,en,rock,album rock,13,1,11
Riot Rhythm,Sleigh Bells,en,rock,album rock,13,1,1
Your Love,Tom Misch,en,r&b,neo soul,11,1,3
Would You Mind,PRETTYMUCH,en,r&b,hip pop,11,1,13
Odessa,Caribou,en,pop,dance pop,10,1,7
Sanguine Paradise,Lil Uzi Vert,en,rap,hip hop,12,1,5
For Life (feat. Clint Lowery),3 Years Hollow,en,rock,hard rock,13,1,1
Milkshake,Kelis,en,rap,southern hip hop,12,1,7
Together Forever,Lisette Melendez,en,latin,latin hip hop,9,1,1
Only Can Get Better (feat. Daniel Merriweather),Silk City,en,latin,tropical,9,1,1
Cars,Gary Numan,en,rock,permanent wave,13,1,7
Travelin' Band,Creedence Clearwater Revival,en,rock,classic rock,13,1,1
Stay (Electro Swing Remix),11 Acorn Lane,en,edm,electro house,8,1,7
I'm Blessed,Charlie Wilson,en,r&b,urban contemporary,11,1,1
In the Air Tonight,Nonpoint,en,rock,hard rock,13,1,7
No Love Like Yours,Edward Sharpe & The Magnetic Zeros,en,r&b,neo soul,11,1,13
Now That We Found Love,Heavy D & The Boyz,en,r&b,new jack swing,11,1,3
Beat Of My Drum,POWERS,en,pop,indie poptimism,10,1,1
All Falls Down (feat. Juliander),Alan Walker,en,edm,electro house,8,1,7
Take Me Out,Franz Ferdinand,en,rock,permanent wave,13,1,13
Stardust,Gemini Syndrome,en,rock,hard rock,13,1,1
Swingin Party - 2008 Remaster,The Replacements,en,rock,permanent wave,13,1,13
Mother - Fedde Le Grand Remix,Charlie Puth,en,pop,dance pop,10,1,1
Animals - Radio Edit,Martin Garrix,en,edm,big room,8,1,1
Don't Be Afraid,Aaron Hall,en,r&b,new jack swing,11,1,11
Feels - Jai Wolf Remix,Kiiara,en,pop,indie poptimism,10,1,5
Palm Beach,Vicente Garcia,en,latin,tropical,9,1,3
In My Life - Remastered 2009,The Beatles,en,rock,classic rock,13,1,3
Peace of Mind,Boston,en,rock,album rock,13,1,7
Use Somebody,Kings of Leon,en,rock,classic rock,13,1,11
Superstar,Said the Sky,en,edm,pop edm,8,1,1
To Cut a Long Story Short - 2010 Remaster,Spandau Ballet,en,rock,permanent wave,13,1,7
Check Yo Self - Remix,Ice Cube,en,rap,southern hip hop,12,1,6
Move To The City - Live In Japan / 1992,Guns N' Roses,en,rock,album rock,13,1,5
My Way,Limp Bizkit,en,rock,hard rock,13,1,7
Motor City Madhouse - Edit,Ted Nugent,en,rock,hard rock,13,1,1
Flick Of The Wrist - Remastered 2011,Queen,en,rock,album rock,13,1,5
Burden,TENDER,en,pop,indie poptimism,10,1,13
Hardwired,Metallica,en,rock,hard rock,13,1,5
Colors,Black Pumas,en,r&b,hip pop,11,1,11
High And Dry,Radiohead,en,pop,indie poptimism,10,1,3
Burn - Original Mix,KSHMR,en,edm,electro house,8,1,5
Unwritten,Natasha Bedingfield,en,pop,post-teen pop,10,1,7
Chocolate Jesus,Tom Waits,en,rock,permanent wave,13,1,3
Neon,Frida Sundemo,en,pop,indie poptimism,10,1,12
Stay,David Guetta,en,edm,progressive electro house,8,1,7
Won't Get Fooled Again - Original Album Version,The Who,en,rock,hard rock,13,1,13
Is This It,The Strokes,en,rock,permanent wave,13,1,7
Trouble,Cage The Elephant,en,pop,indie poptimism,10,1,3
do re mi,blackbear,en,rap,hip hop,12,1,13
"CAN'T STOP THE FEELING! (Original Song from DreamWorks Animation's ""TROLLS"")",Justin Timberlake,en,pop,dance pop,10,1,7
"What Christmas Means to Me - from ""The Best Man Holiday Original Motion Picture Soundtrack""",Fantasia,en,r&b,neo soul,11,1,7
Wolf,Skott,en,pop,indie poptimism,10,1,3
Thiago Silva,Dave,en,rap,hip hop,12,1,10
Lean On (feat. MØ & DJ Snake) - Tiësto & MOTi Remix,Major Lazer,en,pop,electropop,10,1,1
Easy Love - Original Mix,Sigala,en,latin,tropical,9,1,1
Thursday,Leven Kali,en,r&b,neo soul,11,1,2
Feelin' Alright?,Traffic,en,rock,classic rock,13,1,3
Stupid for You,Waterparks,en,pop,post-teen pop,10,1,1
Paranoid,Black Sabbath,en,rock,hard rock,13,1,5
Electric (feat. Khalid),Alina Baraz,en,pop,indie poptimism,10,1,2
Blowin' Trees (+ Napdonalds Skit),Nappy Roots,en,rap,southern hip hop,12,1,4
Last Request,Paolo Nutini,en,rock,album rock,13,1,7
CYANIDE,Daniel Caesar,en,r&b,urban contemporary,11,1,10
Dang! (feat. Anderson .Paak),Mac Miller,en,r&b,neo soul,11,1,6
Divinity - filous Remix,Porter Robinson,en,pop,indie poptimism,10,1,3
Without Me,Eminem,en,rap,southern hip hop,12,1,7
Owner of a Lonely Heart,Yes,en,rock,album rock,13,1,7
Ghost,Lianne La Havas,en,r&b,neo soul,11,1,12
Faucet Failure,Ski Mask The Slump God,en,rap,gangster rap,12,1,4
Ghost,Motorama,en,rock,permanent wave,13,1,1
Spring Summer Feeling,Jill Scott,en,r&b,neo soul,11,1,13
Dontcha,The Internet,en,r&b,neo soul,11,1,3
I Think of You,Sandra Lynn,en,r&b,neo soul,11,1,3
Roses,BJ The Chicago Kid,en,r&b,neo soul,11,1,13
Barracuda,Heart,en,rock,classic rock,13,1,1
Gold,Kiiara,en,pop,indie poptimism,10,1,4
I'm Shakin',Jack White,en,rock,classic rock,13,1,6
SOS,McClenney,en,r&b,neo soul,11,1,3
Glory of Love,Peter Cetera,en,rock,album rock,13,1,11
Inside the Lines (feat. Casso),Mike Perry,en,latin,tropical,9,1,7
Hard 2 Love,Haystak,en,rap,southern hip hop,12,1,7
It's Going Down,South Circle,en,rap,southern hip hop,12,1,6
The Voices,dreamEater,en,rap,trap,12,1,5
Superstar,Lupe Fiasco,en,rap,southern hip hop,12,1,4
Let's Wait Awhile,Janet Jackson,en,r&b,new jack swing,11,1,12
Adore You,Maisie Peters,en,pop,post-teen pop,10,1,7
Ballin,Logic,en,rap,hip hop,12,1,10
but,Keys of Philadelphia,en,edm,pop edm,8,1,1
Woman,Wolfmother,en,rock,hard rock,13,1,1
Lovers on the Sun (feat. Sam Martin) - Stadiumx Remix,David Guetta,en,edm,big room,8,1,5
Tropic Love,Diviners,en,pop,electropop,10,1,7
Pizza,Anti Up,en,edm,big room,8,1,1
Cocaine,Eric Clapton,en,rock,album rock,13,1,3
Screwed Up,Ludacris,en,rap,southern hip hop,12,1,10
Hello,Adele,en,pop,electropop,10,1,11
Tuesday (feat. Drake),ILOVEMAKONNEN,en,edm,pop edm,8,1,6
Slam,Onyx,en,rap,gangster rap,12,1,6
Calypso,Luis Fonsi,en,latin,latin hip hop,9,1,7
Town Called Malice,The Jam,en,rock,permanent wave,13,1,7
In Love With You,Erykah Badu,en,r&b,neo soul,11,1,3
Anything Could Happen,Ellie Goulding,en,pop,dance pop,10,1,7
Speechless (feat. Erika Sirola) - MOTi Remix,Robin Schulz,en,pop,dance pop,10,1,3
Backseat,Ari Lennox,en,r&b,urban contemporary,11,1,5
Kaputt,Destroyer,en,pop,dance pop,10,1,7
Spoonful,Grizfolk,en,pop,indie poptimism,10,1,13
Who Needs Love,Trippie Redd,en,rap,trap,12,1,3
Love,Musiq Soulchild,en,r&b,neo soul,11,1,3
Catalina Breeze,The Blue Jean Committee,en,rock,permanent wave,13,1,3
Uma,Panama Wedding,en,pop,indie poptimism,10,1,7
Lovergirl,Teena Marie,en,r&b,urban contemporary,11,1,13
Lonely (feat. Lorine Chia),Jamila Woods,en,r&b,neo soul,11,1,13
Be Like You,CVBZ,en,latin,tropical,9,1,6
Meaning of Life,Disturbed,en,rock,hard rock,13,1,1
Animals,Maroon 5,en,pop,post-teen pop,10,1,5
First Things First,Stormzy,en,rap,southern hip hop,12,1,13
Apollo - Radio Edit,Hardwell,en,edm,progressive electro house,8,1,5
I Gotta Clean Up,Marvin Sease,en,rap,southern hip hop,12,1,7
Still Alive,Prison,en,rock,hard rock,13,1,5
Got 'Til It's Gone,Janet Jackson,en,r&b,new jack swing,11,1,6
Karma Chameleon,Culture Club,en,pop,electropop,10,1,3
Limelight,Rush,en,rock,classic rock,13,1,7
Puttin' On The Ritz - Disco Mix Radio Edit,Taco,en,edm,electro house,8,1,7
Mork,The Bloody Beetroots,en,edm,electro house,8,1,1
Climbing Walls,Strange Talk,en,pop,indie poptimism,10,1,1
No Money,Galantis,en,pop,electropop,10,1,1
2 Cigarettes,Jack & Jack,en,r&b,urban contemporary,11,1,13
Eenie Meenie,Justin Bieber,en,latin,latin hip hop,9,1,7
Stay,Post Malone,en,pop,indie poptimism,10,1,3
Honey Dove,Lee Fields & The Expressions,en,r&b,neo soul,11,1,5
Hail Mary,2Pac,en,rap,gangster rap,12,1,10
Hey Jealousy,Gin Blossoms,en,rock,permanent wave,13,1,5
Music,Leela James,en,r&b,neo soul,11,1,3
Low Life,Crobot,en,rock,hard rock,13,1,7
Down to the River,Danny Boone,en,rap,southern hip hop,12,1,7
Side To Side - Slushii Remix,Ariana Grande,en,edm,pop edm,8,1,5
Susie Q - Single Version,Creedence Clearwater Revival,en,rock,hard rock,13,1,13
Fuck You,CeeLo Green,en,edm,pop edm,8,1,7
Just As I Am,Marshall Marshall,en,pop,dance pop,10,1,11
Bridges,Broods,en,pop,indie poptimism,10,1,5
Tears Don't Fall,Bullet For My Valentine,en,rock,hard rock,13,1,5
Don't Worry Bout Me - Alle Farben Remix,Zara Larsson,en,pop,dance pop,10,1,10
3 Nights,Dominic Fike,en,latin,latin pop,9,1,13
Love Me Like You Do,Ellie Goulding,en,pop,post-teen pop,10,1,13
Heaven,The Blaze,en,edm,electro house,8,1,2
WORKIN ME,Quavo,en,latin,latin pop,9,1,5
Drops of Jupiter,Train,en,rock,permanent wave,13,1,7
Easy Love,Sigala,en,latin,tropical,9,1,1
CAN YOU HEAR ME NOW?,Bishop Briggs,en,rock,permanent wave,13,1,13
Women Who Look Like You (feat. Guapdad 4000),JP Saxe,en,r&b,urban contemporary,11,1,13
Sweet Home Alabama,Lynyrd Skynyrd,en,rap,southern hip hop,12,1,3
Southbound,The Allman Brothers Band,en,rock,classic rock,13,1,13
Da' Dip,Freak Nasty,en,rap,southern hip hop,12,1,6
High Rises,CHIKA,en,rap,hip hop,12,1,4
Jekyll and Hyde,Five Finger Death Punch,en,rock,hard rock,13,1,1
Panic Room,Au/Ra,en,edm,progressive electro house,8,1,1
Funky Town,Lipps Inc.,en,pop,post-teen pop,10,1,3
I'm Your Baby Tonight,Whitney Houston,en,r&b,new jack swing,11,1,1
Rockstar (feat. DV8),Timmy Trumpet,en,edm,progressive electro house,8,1,5
Kings & Queens (feat. Run The Jewels),DJ Shadow,en,rap,gangster rap,12,1,11
Breaking the Habit,Linkin Park,en,rock,album rock,13,1,13
Nightrain,Guns N' Roses,en,rock,album rock,13,1,1
End Of The Road,Boyz II Men,en,r&b,new jack swing,11,1,3
Freefall,Camel,en,rock,album rock,13,1,7
This Is What It Feels Like,Armin van Buuren,en,edm,progressive electro house,8,1,1
Ready For Love,India.Arie,en,r&b,neo soul,11,1,12
You Really Got Me,Van Halen,en,rock,classic rock,13,1,1
Every Little Thing I Do - Remix,Soul For Real,en,r&b,new jack swing,11,1,3
