track_name,language,playlist_genre,playlist_subgenre,track_artist
Aaj Ei Dintake,bn,Bangla Film,Retro Film Melody,Kishore Kumar
Amar Swapna Tumi Ogo,bn,Bangla Film,Romantic Duet,Asha Bhosle|Kishore Kumar
Ami Chini Go Chini Tomare,bn,Rabindra Sangeet,Tagore Romantic,Kishore Kumar
Purano Sei Diner,bn,Rabindra Sangeet,Tagore Nostalgia,Debabrata Biswas
Aamar Pujar Phool,bn,Adhunik Bangla,Romantic Modern,Kishore Kumar
Se Jeno Aamar Pashe,bn,Adhunik Bangla,Romantic Modern,Kishore Kumar
Mone Pore Ruby Roy,bn,Adhunik Bangla,Urban Nostalgia,R. D. Burman
Coffee Houser Sei Addata Aaj Aar Nei,bn,Adhunik Bangla,Urban Nostalgia,Manna Dey
Sei Raate Raat Chhilo Purnima,bn,Adhunik Bangla,Romantic Modern,Kishore Kumar
Ei Path Jodi Na Shes Hoy,bn,Bangla Film,Romantic Duet,Sandhya Mukherjee|Hemant Kumar
Tumi Kon Kananer Phul,bn,Rabindra Sangeet,Tagore Romantic,Asha Bhosle
Amar Swapna Je Satyi,bn,Bangla Film,Romantic Retro,Kishore Kumar|Lata Mangeshkar
Nayan Sarasi Keno Bhoreche Jaale,bn,Adhunik Bangla,Melancholic Modern,Kishore Kumar
Jodi Hoi Chorkanta,bn,Bangla Film,Romantic Retro,Asha Bhosle|Kishore Kumar
Mon-Majhi Re,bn,Bangla Folk,Folk-inspired Modern,R. D. Burman
Tare Ami Chokhe Dekhini,bn,Adhunik Bangla,Mystical Modern,Kishore Kumar
Aamar Bhalobasar Rajprasade,bn,Adhunik Bangla,Romantic Modern,Manna Dey
Aaj Milan Tithir Purnima Chand,bn,Bangla Film,Romantic Retro,Kishore Kumar
Jakhan Keu Amake Pagol Bale,bn,Adhunik Bangla,Philosophical Modern,Manna Dey
Coffee Houser Sei Addata Aaj Aar Nei,bn,Adhunik Bangla,Urban Nostalgia,Manna Dey
Chokher Jaler Hoyna Kono Rang,bn,Adhunik Bangla,Melancholic Modern,Kishore Kumar
Chirodini Tumi Je Aamar- Male,bn,Bangla Film,Romantic Film Ballad,Kishore Kumar
Jani Tomar Premer Jogyo Ami To Noi,bn,Adhunik Bangla,Melancholic Modern,Manna Dey
Bandhagharer Andhakare,bn,Adhunik Bangla,Philosophical Modern,Asha Bhosle|Kishore Kumar
O Chand Samle Rakho Jochhnake,bn,Adhunik Bangla,Romantic Modern,Manna Dey
Na Na Na Kachhe Esona,bn,Bangla Film,Playful Romantic,Asha Bhosle|S. P. Balasubrahmanyam
Sundari Go Dohai Dohai,bn,Bangla Film,Playful Folk-Film,Manna Dey
Asha Chhilo Bhalobasa Chhilo,bn,Adhunik Bangla,Melancholic Modern,Kishore Kumar
Hoyto Amake Karo Mone,bn,Adhunik Bangla,Romantic Modern,Kishore Kumar
Mone Porle,bn,Adhunik Bangla,Romantic Modern,Arijit Singh
Gunjane Dole Je Bhramar,bn,Bangla Film,Romantic Duet,Asha Bhosle|Kishore Kumar
Phulkali Re Phulkali,bn,Bangla Film,Light Romantic,Asha Bhosle|Kishore Kumar
Keno Re Tui Chorli,bn,Adhunik Bangla,Melancholic Modern,Kishore Kumar
"Rangini Kato Mon, Mon Dite Chay",bn,Adhunik Bangla,Romantic Modern,Manna Dey
Bolchi Tomar Kane Kane- Female,bn,Bangla Film,Romantic Solo,Lata Mangeshkar
Din Khon Mapa Ache,bn,Adhunik Bangla,Romantic Modern,Arijit Singh
Lalita Go Oke Aaj Chole Jete Bal Na,bn,Bangla Film,Emotional Retro,Manna Dey
Prithibi Bodle Gechhe,bn,Adhunik Bangla,Philosophical Modern,Kishore Kumar
Ek Tanete Jemon Temon,bn,Bangla Folk,Folk-inspired Light,Kishore Kumar|Swapan Chakraborty
Aaj Theke Aar Bhalobasar,bn,Adhunik Bangla,Breakup Modern,Kishore Kumar
Hridayer Gaan Shikhe To Gaay Go Sabai,bn,Adhunik Bangla,Philosophical Modern,Manna Dey
E Gaane Prajapati (Stereo),bn,Bangla Film,Light Romantic,Sandhya Mukherjee
Chhero Na Chhero Na Haath,bn,Bangla Film,Romantic Duet,Kishore Kumar|Sabina Yasmeen
Ami Cheye Cheye Dekhi,bn,Adhunik Bangla,Romantic Modern,Shyamal Mitra
Dole Dodul Dole Jhulana,bn,Bangla Film,Semi-Classical Film,Manabendra Mukherjee|Shyamal Mitra
Tomay Porechhe Mone,bn,Adhunik Bangla,Romantic Modern,Kishore Kumar
Mangaldeep Jwele (Part 1),bn,Devotional,Puja Spiritual,Lata Mangeshkar|Others
Shono Mon Boli Tomay,bn,Adhunik Bangla,Philosophical Modern,R. D. Burman
Tora Je Ja Bolish,bn,Rabindra Sangeet,Tagore Playful,Debabrata Biswas
Chirodini Tumi Je Aamar- Female,bn,Bangla Film,Romantic Film Ballad,Asha Bhosle
Aamar Swapna Je,bn,Bangla Film,Romantic Retro,Lata Mangeshkar|Kishore Kumar
Ka Phonta Chokher Jal Phelechho,bn,Adhunik Bangla,Melancholic Modern,Manna Dey
Katoi Ranga Dekhi Duniyay,bn,Bangla Film,Comic Satire,Amar Pal
Bhalo Bashi Bhalo Bashi,bn,Rabindra Sangeet,Tagore Romantic,Amit Kumar|Kavita Krishnamurthy
Sandhya Belay Tumi Ami,bn,Adhunik Bangla,Romantic Modern,Asha Bhosle
Chole Jete Jete Din,bn,Adhunik Bangla,Melancholic Modern,Lata Mangeshkar
Bulbul Pakhi Maiana,bn,Children's Music,Children's Rhyme,Antara Chwdhury
Janmadin,bn,Children's Music,Birthday Song,Kishore Kumar
Ami Jamini Tumi Shashi Hey,bn,Bangla Film,Romantic Semi-Classical,Manna Dey
Ami Taar Thikana Rakhini,bn,Adhunik Bangla,Romantic Modern,Manna Dey
Aar Ki Tomay Chharchhi,bn,Adhunik Bangla,Romantic Modern,Asha Bhosle|R. D. Burman
Bom Bhole,bn,Devotional,Shiva Devotional,Kishore Kumar
Gahan Megher Chhaya Ghanay,bn,Adhunik Bangla,Monsoon Modern,Manna Dey
Kato Naree Achhe E Gokule,bn,Bangla Film,Comic Folk-Film,Asha Bhosle|Kishore Kumar|Tanuja
Karo Keu Naiko Aami,bn,Adhunik Bangla,Melancholic Modern,Kishore Kumar
Balo Ki Achhe Go,bn,Bangla Film,Romantic Duet,R. D. Burman
Ami Gaan Shonabo,bn,Adhunik Bangla,Light Modern,Hemant Kumar
Na Mon Lage Na,bn,Bangla Film,Romantic Retro,Lata Mangeshkar
Najar Diyo Na,bn,Adhunik Bangla,Playful Modern,Kishore Kumar
Mon Janala Khule Dena,bn,Adhunik Bangla,Romantic Modern,Kishore Kumar
Pora Banshi Shunle E Mon,bn,Adhunik Bangla,Folk-inspired Modern,Asha Bhosle
Amar Deep Nebhano Raat,bn,Adhunik Bangla,Melancholic Modern,Kishore Kumar
O Mor Moyna Go,bn,Bangla Folk,Folk Song,Lata Mangeshkar
Abhimane Chole Jeo Na,bn,Adhunik Bangla,Romantic Modern,Manna Dey
Prem Baro Madhur,bn,Adhunik Bangla,Romantic Modern,Kishore Kumar
Na Na Na Aaj Raate Aar,bn,Bangla Film,Playful Romantic,Manna Dey
Sedino Akashe Chhilo Kato Tara,bn,Adhunik Bangla,Nostalgic Modern,Kishore Kumar
Bhuter Raja Dilo Bor,bn,Children's Music,Fantasy Film Song,Anup Ghoshal|Rabi Ghosh
Naam Amar Kishore Kumar Ganguly,bn,Adhunik Bangla,Tribute Song,Kishore Kumar
Bhoy Dekhas Na (Male) Voice & Guitars,bn,Adhunik Bangla,Acoustic Modern,Arijit Singh
Hoyto Tomari Janya,bn,Bangla Film,Romantic Film Song,Manna Dey
Piya Bholo Abhimaan,bn,Bangla Film,Romantic Retro,Ajoy Chakrabarty
Ami Nei Ami Nei,bn,Adhunik Bangla,Melancholic Modern,Kishore Kumar
Shono Mon Boli Tomay,bn,Adhunik Bangla,Philosophical Modern,R. D. Burman
Hai Hai Ki Herilam,bn,Bangla Folk,Folk Ballad,Utpalendu Chowdhury
Kolkata Kolkata,bn,Bangla Film,City Travel,Bappi Lahiri
Gharete Bhramar Elo Gunguniye,bn,Adhunik Bangla,Folk-inspired Modern,Arundhati Holme Chowdhury
Mor Bhabanare Ki Haoway Matalo,bn,Rabindra Sangeet,Tagore Nature,Hemant Kumar
Ami Ek Jajabar,bn,Adhunik Bangla,Wanderer Song,Bhupen Hazarika
Dekhore Nayan Melay,bn,Bangla Folk,Folk Ballad,Anup Ghoshal
Ek Je Chhilo Raja,bn,Children's Music,Story Song,Anup Ghoshal|Rabi Ghosh
Ei Meghla Dine Ekla,bn,Adhunik Bangla,Monsoon Modern,Hemant Kumar
Ami Pathbhola Ek Pathik Esechhi (Duet),bn,Bangla Film,Romantic Duet,Kanika Banerjee|Suchitra Mitra|Hemant Kumar
Shudhu Bhalobasha Diye,bn,Adhunik Bangla,Romantic Modern,Hemant Kumar
Deke Deke Kato,bn,Bangla Film,Romantic Retro,R. D. Burman
Manush Manusher Jannya,bn,Bangla Patriotic,Humanist Song,Bhupen Hazarika
Aha Ki Ananda,bn,Children's Music,Fantasy Film Song,Anup Ghoshal
Darjeeling Jatra,bn,Children's Music,Travel Comic,R. D. Burman
Moner Manush :- (Mon Jakhan Jagli Nare and Milan Habe Kata Dine),bn,Bangla Folk,Lalon Baul,Dohar
Katha Diye Ele Na,bn,Bangla Film,Romantic Playback,Asha Bhosle
Amar Shilpi Tumi Kishore Kumar,bn,Bangla Film,Romantic Playback,Kumar Sanu
Champa Chameli Golaperi Baage,bn,Bangla Film,Duet Playback,Manna Dey|Sandhya Mukherjee
Nishidin Nishidin,bn,Bangla Film,Romantic Playback,Lata Mangeshkar
Jete Jete Pathe Holo,bn,Bangla Film,Romantic Playback,R. D. Burman
Saat Bhai Champa Jagore,bn,Bangla Film,Romantic Playback,Lata Mangeshkar
Antabihin Kate Na Aar Jeno (Baro Shunya Shunya),bn,Bangla Film,Romantic Playback,Lata Mangeshkar
Ei Mom Jochhonay Ango Bhijiye,bn,Bangla Film,Romantic Playback,Aarti Mukherji
Tomar Pujar Chhaley,bn,Rabindra Sangeet,Tagore Devotional,Debabrata Biswas
Tomate Amate Dekha Hoyechhilo,bn,Bangla Film,Romantic Playback,R. D. Burman
Jete Jete Pathe Holo,bn,Bangla Film,Romantic Playback,R. D. Burman
Ei Sundar Swarnali Sandhaye,bn,Bangla Film,Romantic Playback,Geeta Dutt
Mayur Aakaash,bn,Bangla Film,Romantic Playback,Bappi Lahiri
Olir Katha Shune Bakul Hase,bn,Bangla Film,Romantic Playback,Hemant Kumar
Aebar Pujoye Chaaye,bn,Bangla Film,Romantic Playback,Alka Yagnik
Jani Na Aaj Je Apon,bn,Bangla Film,Romantic Playback,Asha Bhosle
Takhon Tomar Ekush Bachhar,bn,Bangla Film,Romantic Playback,Aarti Mukherji
Nagor Amar Kancha Peerit,bn,Bangla Film,Duet Playback,Asha Bhosle|Shailender Singh
Oi Dustu Chokher Mishti Hasi,bn,Bangla Film,Duet Playback,Sandhya Mukherjee|Hemant Kumar
Mor Bina Othe Kon Sure Baji,bn,Rabindra Sangeet,Tagore Classic,Swagatalakshmi Dasgupta
Phire Eso Anuradha,bn,Bangla Film,Romantic Playback,R. D. Burman
Sajani Go Premer Katha,bn,Bangla Film,Romantic Playback,R. D. Burman
Jete Dao Amay Dekona,bn,Bangla Film,Romantic Playback,Asha Bhosle
Jibane Ki Pabo Na,bn,Bangla Film,Romantic Playback,Manna Dey
Tolo Chhinnabeena,bn,Bangla Film,Romantic Playback,Asha Bhosle
Kalo Meyer Payer Tolaaye,bn,Devotional,Shyama Sangeet,Panna Lal Bhattacharjee
O Amar Sajani Go,bn,Bangla Film,Duet Playback,Kishore Kumar|Lata Mangeshkar
Chhande Chhande Gaane Gaane,bn,Bangla Film,Romantic Playback,Asha Bhosle
Badhu Kon Alo (Part 1),bn,Rabindra Sangeet,Tagore Nature,Arundhati Holme Chowdhury
Eshe Hirok Deshe,bn,Children's Music,Comic Song,Anup Ghoshal
Jana - Gana - Mana - Orchestra,bn,Children's Music,Comic Song,Akashvani Vadya Vrinda
O Tui Nayan Pakhi Amar Re,bn,Bangla Film,Romantic Playback,Lata Mangeshkar
Aasbo Aar Ekdin Aaj Jai,bn,Bangla Film,Romantic Playback,Asha Bhosle
Chokhe Chokhe Katha Balo,bn,Bangla Film,Romantic Playback,Asha Bhosle
Phire Eso Anuradha,bn,Bangla Film,Romantic Playback,R. D. Burman
Ami Dur Hote Tomarei Dekhechhi,bn,Bangla Film,Romantic Playback,Hemant Kumar
Hey Nutan Dekha Dik Aar-Bar,bn,Rabindra Sangeet,Tagore Classic,Swagatalakshmi Dasgupta
Ek Je Chhilo Maachhi,bn,Children's Music,Children's Song,Antara Chwdhury
Ami Mon Diye Chi,bn,Bangla Film,Romantic Playback,Asha Bhosle
Bidhir Bandhan Katbe Tumi,bn,Bangla Film,Romantic Playback,Kishore Kumar
Maharaja Tomarey Shelam,bn,Children's Music,Fantasy Song,Anup Ghoshal|Rabi Ghosh
Ami Je Jalsaghare (Stereo),bn,Bangla Film,Romantic Playback,Sandhya Mukherjee
Aamar Eche Korche Bhalo,bn,Bangla Film,Duet Playback,Bappi Lahiri|Asha Bhosle
Balo Ki Achhe Go,bn,Bangla Film,Romantic Duet,R. D. Burman
Tomari Chalar Pathe,bn,Bangla Film,Romantic Playback,Asha Bhosle
Ore Baba Dekho Cheye,bn,Children's Music,Comic Song,Anup Ghoshal
Keno Kichhu Katha Balo Na,bn,Bangla Film,Romantic Playback,Lata Mangeshkar
Aayre Chhute Aai,bn,Children's Music,Comic Song,Antara Chwdhury
Je Khanei Thako Sukhe Thako,bn,Bangla Film,Romantic Playback,Asha Bhosle
Dekhle Kemon Tumi Khel,bn,Bangla Film,Romantic Playback,Kishore Kumar
Aei Gaaneri Shure Shure,bn,Bangla Film,Romantic Playback,Mohammad Aziz
Phire Elam Dure Giye,bn,Bangla Film,Duet Playback,Asha Bhosle|R. D. Burman
Pa Ma Ga Re Sa,bn,Devotional,Spiritual,Lata Mangeshkar
Na Dir Dir Da,bn,Children's Music,Comic Song,Antara Chwdhury
Swapna Mahale Ajo Nishirate,bn,Bangla Film,Romantic Playback,Bappi Lahiri
Nadir Paare Uthchhe Dhonya,bn,Bangla Film,Romantic Playback,R. D. Burman
Keu Jane Na Tumi Je Amar,bn,Bangla Film,Romantic Playback,R. D. Burman
Ore Amar Mon,bn,Adhunik Bangla,Romantic Modern,Dwijen Mukherjee
Bujhbe Na Keu Bujhbe Na,bn,Bangla Film,Romantic Playback,Lata Mangeshkar
Taare Bole Diyo,bn,Bangla Film,Romantic Playback,Hemant Kumar
Dongshili Tui,bn,,Romantic Playback,Lata Mangeshkar
Jani Na Kothay Tumi,bn,,Duet Playback,Asha Bhosle|R. D. Burman
Bolchi Tomar Kane Kane- Duet,bn,,Romantic Solo,Bappi Lahiri|Rema Lahiri
Lakshmiti Dohai Tomar,bn,,Romantic Playback,Asha Bhosle
Phire Elam Dure Giye,bn,,Duet Playback,Asha Bhosle|R. D. Burman
Chupi Chupi Kaache Aesho,bn,,Romantic Playback,Alka Yagnik
Ei Purnima Raat,bn,,Romantic Playback,Hemant Kumar
Kono Kaaj Noy Aaj,bn,,Duet Playback,Asha Bhosle|Kishore Kumar
Shudhu Jaowa Asa,bn,,Romantic Modern,Lopamudra Mitra
Otho Otho Surjayre,bn,,Romantic Playback,Lata Mangeshkar
Drishya Dekhi Anya,bn,,Comic Song,Anup Ghoshal
Nei Sei Purnima Raat,bn,,Melancholy Playback,Asha Bhosle
Ogo Aar Kichhu To Naai,bn,,Romantic Playback,Lata Mangeshkar
Kobe Je Kothay,bn,,Romantic Playback,Bhupinder Singh
Sei Raate Raat Chhilo Purnima,bn,,Romantic Modern,Kishore Kumar
Sukher Majhey Tomay,bn,,Tagore Classic,Indrani Sen
Saraswati,bn,,Romantic Modern,Atanu Sanyal
Sunilo Saagarey,bn,,Tagore Nature,Debabrata Biswas
Otho Otho Suryai Re,bn,,Romantic Playback,Lata Mangeshkar
E Jiban Premeri Ek Patabahar Kabita,bn,,Romantic Playback,Kishore Kumar
Bistirna Dupare,bn,,Romantic Modern,Bhupen Hazarika
Menokaa Maathaay Dilo Ghomtaa,bn,,Baul,Purna Das Baul
Paye Pari Baghmama,bn,,Comic Song,Anup Ghoshal
Joriye Dhorechhi Jare,bn,,Romantic Playback,Kishore Kumar
Amar Natun Gaaner Janamatithi,bn,,Romantic Playback,Hemant Kumar
Ami Tomar Preme Habo Sabar,bn,,Tagore Romantic,Sagar Sen
Bhalo Jodi Baso Sakhi,bn,,Tagore Nature,Chinmoy Chatterjee
Katha Kichhu Kichhu Bujhe Nite Hoy,bn,,Duet Playback,Shyamal Mitra|Aarti Mukherji
Jiban Khatar Prati Patay,bn,,Romantic Modern,Shyamal Mitra
Amar Moner Ei Mayurmahale,bn,,Romantic Playback,Kishore Kumar
Alo Aar Alo Diye (Mone Hoy Aaj Ami),bn,,Romantic Playback,Asha Bhosle
Godhuli Gaganey,bn,,Tagore Classic,Debabrata Biswas
Abar Habe To Dekha,bn,,Romantic Playback,Manna Dey
Akash Keno Daake,bn,,Romantic Playback,Kishore Kumar
Madhabi Phutechhe Oi,bn,,Duet Playback,Lata Mangeshkar|R. D. Burman
Ek Je Chhilo Dushtu Chhele,bn,,Children's Song,Antara Chwdhury
Ki Hobe Aar Purono Diner Katha,bn,,Romantic Playback,R. D. Burman
Mone Naa Rang Lagle,bn,,Duet Playback,Asha Bhosle|Kishore Kumar|Chorus
Monta Aamar Hariye Geche,bn,,Melancholy Playback,Vijayta Pandit
Ei To Jiban,bn,,Romantic Playback,Kishore Kumar
Kato Madhur E Jibon,bn,,Romantic Playback,Kishore Kumar
Ei Je Nadi Jay Sagare,bn,,Romantic Playback,Kishore Kumar
Teenti Mantra Niye,bn,,Romantic Modern,Shyamal Mitra
Sakhi Bhabana Kahare Bale,bn,,Tagore Romantic,Lata Mangeshkar|Kavita Krishnamurthy
Ketechhe Ekela Biraher Bela,bn,,Tagore Nostalgia,Chinmoy Chatterjee
Deke Deke Kato,bn,,Romantic Retro,R. D. Burman
Eso Amar Ghare - Hemanta Mukherjee,bn,,Romantic Playback,Hemant Kumar
Jay Din Emni Jodi,bn,,Romantic Playback,Hemant Kumar
Ki Name Deke Bolbo Tomake,bn,,Romantic Modern,Shyamal Mitra
O Pakhi Ure Aay,bn,,Romantic Playback,Asha Bhosle
Phool Koli Re Phool Koli,bn,,Duet Playback,Kishore Kumar|Asha Bhosle
Hey Dola Hey Dola,bn,,Romantic Modern,Bhupen Hazarika
Ei Chhotto Chhotto Paye,bn,,Duet Playback,Aarti Mukherji|Pratima Banerjee
Chandra Je Tui,bn,,Romantic Playback,Lata Mangeshkar
Ganga Amar Ma,bn,,Spiritual,Bhupen Hazarika
Chintamoyee Tara Tumi,bn,,Shyama Sangeet,Panna Lal Bhattacharjee
Tumi Je Premer,bn,,Duet Playback,Kishore Kumar|Aarti Mukherji
Jani Na Kothay Tumi,bn,,Duet Playback,Asha Bhosle|R. D. Burman
Dure Akash Samiyanai,bn,,Melancholy Playback,Lata Mangeshkar
Rui Katla Ilish Bhebe,bn,,Romantic Modern,Sabina Yasmeen
Ektu Baso Chole Jeo Na,bn,,Melancholy Playback,Asha Bhosle
Charon Dhorite Diyo Go (Male),bn,,Tagore Classic,Hemant Kumar
Aaro Kachakachi,bn,,Duet Playback,Kishore Kumar|Asha Bhosle
Ekbar Bidaay De Ma,bn,,Spiritual,Lata Mangeshkar
Banshi Shune Ki,bn,,Romantic Playback,Asha Bhosle
Pora Banshi Shunle E Mon,bn,,Folk-inspired Modern,Asha Bhosle
Aami Ekjon Saanto Sishto,bn,Bangla Film,Romantic Playback,Kishore Kumar
Halla Cholechhe Juddhe,bn,Children's Music,Comic Song,Kamu Mukherjee|Jahor Roy
"O,sona Byang",bn,Children's Music,Children's Song,Antara Chwdhury
Ki Ashai Bandhi Khelaghar,bn,Bangla Film,Romantic Playback,Kishore Kumar
Chand Aar Shurjo,bn,Bangla Film,Romantic Playback,Alka Yagnik
Jana Ajana Pathey Cholechhi,bn,Bangla Film,Duet Playback,Kishore Kumar|Asha Bhosle
Aay Aay Chhute Aay,bn,Adhunik Bangla,Romantic Modern,Bhupen Hazarika
Oi Mahasindhur Opar Theke,bn,Bangla Film,Romantic Playback,Manna Dey
Ei Chhande Chhande Bhara,bn,Bangla Film,Duet Playback,Sandhya Mukherjee|Hemant Kumar
Dinguli Mor,bn,Rabindra Sangeet,Tagore Nostalgia,Debabrata Biswas
Hridayer Gaan Shikhe To Gaay Go Sabai,bn,Adhunik Bangla,Philosophical Modern,Manna Dey
Mone Pore Ruby Roy,bn,Adhunik Bangla,Urban Nostalgia,R. D. Burman
Tumi Jodi Thaktey,bn,Bangla Film,Romantic Playback,Kumar Sanu
Mor Bhabonare (Duet),bn,Rabindra Sangeet,Tagore Classic,Saptarshi|SAHANA BAJPEI
Namo Mata Saraswati,bn,Bangla Film,Duet Playback,Sandhya Mukherjee|Tarun Banerjee|Aarti Mukherji
O Prajapati Prajapati,bn,Bangla Film,Romantic Playback,Lata Mangeshkar
Sagar Sangame,bn,Adhunik Bangla,Romantic Modern,Bhupen Hazarika
Katha Dao Aabar Asbe,bn,Bangla Film,Romantic Playback,Manna Dey
Tomake Lagche Bhari Chena,bn,Bangla Film,Duet Playback,Bappi Lahiri|Alka Yagnik
Esho Go Jweley,bn,Rabindra Sangeet,Tagore Classic,Debabrata Biswas
Amar Sakal Raser Dhara,bn,Bangla Film,Duet Playback,Hemant Kumar|Aarti Mukherji
"Ore Bondhure, Ore Sathi Re",bn,Bangla Film,Romantic Playback,Kishore Kumar
Na Bole Esechhi,bn,Bangla Film,Romantic Playback,Aarti Mukherji
Ja Ja Ja Bhule Ja,bn,Bangla Film,Melancholy Playback,Lata Mangeshkar
Keno Je Kandao Bare Bare,bn,Bangla Film,Romantic Playback,Lata Mangeshkar
E Ki Chanchalata Jage,bn,Bangla Film,Romantic Playback,Hemant Kumar
Moner Janala Dhore Unki Diye,bn,Bangla Film,Romantic Playback,Hemant Kumar
Ogo Moner Duyare Danriye Theko Na,bn,Bangla Film,Romantic Playback,Aarti Mukherji
Kichhu To Chahini Ami,bn,Bangla Film,Romantic Playback,Lata Mangeshkar
Ektu Baso Chole Jeo Na,bn,Bangla Film,Melancholy Playback,Asha Bhosle
Akash Keno Daake,bn,Bangla Film,Romantic Playback,Kishore Kumar
Aakash Bhara,bn,Rabindra Sangeet,Tagore Nature,Debabrata Biswas
Dhoronako Shantrimoshai,bn,Children's Music,Comic Song,Anup Ghoshal
Aaj Jiban Khunje Pabi,bn,Adhunik Bangla,Romantic Modern,Bhupen Hazarika
Bhoy Dekhas Na (The Agnee Version),bn,Adhunik Bangla,Romantic Modern,Mohan Kannan
Ami Sahebo Noi Golamo Noi,bn,Bangla Film,Melancholy Playback,Hemant Kumar
Hayre Pora Banshi,bn,Bangla Film,Romantic Playback,Lata Mangeshkar
Tomader Aasare Aaj,bn,Bangla Film,Romantic Playback,Lata Mangeshkar
Amar Mon Manne Na,bn,Bangla Film,Romantic Playback,Asha Bhosle
Gun Gun Kare Mon,bn,Bangla Film,Duet Playback,Amit Kumar|Asha Bhosle
Phule Gandha Nei,bn,Bangla Film,Melancholy Playback,Asha Bhosle
Katha Hoyechhilo,bn,Bangla Film,Romantic Playback,Asha Bhosle
Ami Dukkhake Sukh Bhebe,bn,Bangla Film,Romantic Playback,Kishore Kumar
E Monihar Amay,bn,Rabindra Sangeet,Tagore Classic,Debabrata Biswas
Ek Din Aaro Gelo,bn,Bangla Film,Romantic Playback,Kishore Kumar
Na Ekhoni Noy Jabe,bn,Bangla Film,Romantic Playback,Asha Bhosle
Tomar Akash Duti Chokhe,bn,Adhunik Bangla,Romantic Modern,Nirmal Mishra
Aar Bilamba Noy,bn,Children's Music,Comic Song,Anup Ghoshal
Tumi Ele Anek Diner Pare,bn,Bangla Film,Romantic Playback,Hemant Kumar
Kajol Kajol Chokhe,bn,Bangla Film,Duet Playback,Geeta Dutt|Hemant Kumar
Tomaar Holo Shuru (db),bn,Rabindra Sangeet,Tagore Nostalgia,Debabrata Biswas
Phul Phute Jhore Jaay,bn,Bangla Film,Romantic Playback,Asha Bhosle
Ele Na Tumi Je,bn,Bangla Film,Romantic Playback,R. D. Burman
Khelbo Holi Rang Debo Na,bn,Bangla Film,Duet Playback,Asha Bhosle|Kavita Krishnamurthy
Sajani Go Premer Katha,bn,Bangla Film,Romantic Playback,R. D. Burman
Ek Din Pakhi Ure Jabe,bn,Bangla Film,Romantic Playback,Kishore Kumar
Ek Tanete Jemon Temon,bn,Bangla Folk,Folk-inspired Light,Kishore Kumar|Swapan Chakraborty
Ek Din Pakhi Ure Jabe,bn,Bangla Film,Romantic Playback,Kishore Kumar
Emon Madhur Sandhyay,bn,Bangla Film,Romantic Playback,Asha Bhosle
Aamar Bhalobasar Rajprasade,bn,Adhunik Bangla,Romantic Modern,Manna Dey
Naari Charitra Bejaay Jatil,bn,Bangla Film,Romantic Playback,Kishore Kumar
Bhalobeshe Dekei Dekho Na,bn,Bangla Film,Romantic Playback,Asha Bhosle
Gaane Bhuban Bhoriye Debe,bn,Adhunik Bangla,Romantic Modern,Shyamal Mitra
Ei Korechho Bhalo,bn,Bangla Film,Romantic Playback,Hemant Kumar
Baro Asha Kore Esechhi Go,bn,Rabindra Sangeet,Tagore Classic,Arundhati Holme Chowdhury|Hemant Kumar
Ore Batas Phulshakhate,bn,Bangla Film,Duet Playback,Sandhya Mukherjee|Hemant Kumar
Kine De Reshmi Churi,bn,Bangla Film,Romantic Playback,Asha Bhosle
Moner Naam Madhumati,bn,Bangla Film,Romantic Playback,Asha Bhosle
Nadir Paare Uthchhe Dhonya,bn,Bangla Film,Romantic Playback,R. D. Burman
Bristi Bristi Bristi,bn,Bangla Film,Romantic Playback,Lata Mangeshkar
Guru Bine Bondhu Naai Re Aar,bn,Bangla Folk,Regional Folk,Amar Pal
Cigarette Naho Tumi Swet-Pari,bn,Bangla Film,Romantic Playback,Kishore Kumar
Charon Dhorite Diyo Go (Female),bn,Rabindra Sangeet,Tagore Classic,Arundhati Holme Chowdhury
Ke Jabi Aay,bn,Bangla Film,Romantic Playback,Lata Mangeshkar
Ebar Ami Amar Theke,bn,Bangla Film,Romantic Playback,Lata Mangeshkar
Tumi Aamar Asha,bn,Bangla Film,Romantic Playback,Kishore Kumar
Chokhe Naame Brishti,bn,Bangla Film,Romantic Playback,Asha Bhosle
Ami Premer Pather Pathik,bn,Bangla Film,Romantic Playback,Kishore Kumar
Tarpar Tar Aar Par Nei,bn,Bangla Film,Melancholy Playback,Hemant Kumar
Aay Khuku Aay (Keta Na Somay),bn,Bangla Film,Duet Playback,Hemant Kumar|Sravanti Mazumder
Ektuku Chhonwa Lage,bn,Bangla Film,Romantic Playback,Kishore Kumar
Danriye Achho Tumi Amar Gaaner O Paare,bn,Bangla Film,Romantic Playback,Sandhya Mukherjee
Moyna Balo Tumi,bn,Bangla Folk,Regional Folk,Asha Bhosle
Keu Jane Na Tumi Je Amar,bn,Bangla Film,Romantic Playback,R. D. Burman
Du Chokhe Brishti,bn,Bangla Film,Romantic Playback,Alka Yagnik
Emon Ekta Jhinuk Khunje,bn,Adhunik Bangla,Romantic Modern,Nirmal Mishra
Thuilam Re Mon Padmapatay,bn,Bangla Film,Romantic Playback,Asha Bhosle
Jana Gana Mana - Military Band,bn,Adhunik Bangla,Romantic Modern,Normon Richardazz|Harbert Murril
Bone Noy Mone Mor,bn,Adhunik Bangla,Romantic Modern,Manabendra Mukherjee
Dake Loke Amake Clown,bn,Bangla Film,Romantic Playback,Kishore Kumar
Kolahal To Baron Holo,bn,Rabindra Sangeet,Tagore Classic,Debabrata Biswas
"Aar Nai Re Bela, Namlo Chhaya",bn,Rabindra Sangeet,Tagore Classic,Sumitra Sen
Ami Cholte Cholte Theme Gechhi,bn,Bangla Film,Romantic Playback,Lata Mangeshkar
Swapan Jodi Madhur Emon,bn,Bangla Film,Romantic Playback,Manna Dey
Madhumas Jay,bn,Bangla Film,Romantic Playback,R. D. Burman
Shamla Gaanyer Kajla Meye,bn,Bangla Film,Duet Playback,Hemant Kumar|Aarti Mukherji
Dil Dariyar Majhete,bn,Bangla Folk,Baul,Purna Das Baul
Ami Chaee Chaee Chaee,bn,Bangla Film,Romantic Playback,Sapna Mukherjee
Tari:- (Ebar Tor Mora Gange and Samal Samal Samal),bn,Bangla Folk,Regional Folk,Dohar
Madhobi Modhupey Holo Mitali,bn,Bangla Film,Romantic Playback,Aarti Mukherji
Ki Je Kori Dure Jete Hay,bn,Bangla Film,Melancholy Playback,Lata Mangeshkar
Ami Je Jalsaghare,bn,Bangla Film,Romantic Playback,Manna Dey
Mon Bolchhe,bn,Bangla Film,Romantic Playback,Asha Bhosle
Amar Balar Kichhu Chhilo Na,bn,Adhunik Bangla,Romantic Modern,Haimanti Shukla
Chaaridike Paaper Andhar (Manush Janam Diye Bidhi),bn,Bangla Film,Romantic Playback,Kishore Kumar
Ami Je Ke Tomar,bn,Bangla Film,Romantic Playback,Kishore Kumar
Shaon Raate Jodi,bn,Bangla Film,Romantic Playback,Manna Dey
Rui Katla Ilish To Noy,bn,Bangla Film,Romantic Playback,Kishore Kumar
Hay Re Kala Eki Jwala,bn,Bangla Film,Romantic Playback,Asha Bhosle
Mukhe Bolleye Prem Hoye Na,bn,Bangla Film,Romantic Playback,Alka Yagnik
Chakrita Ami Peyegechi Bela 2441139,bn,Adhunik Bangla,Romantic Modern,Anjan Dutt
O Amar Pran Sajani (Champabothi Kanya),bn,Bangla Film,Romantic Playback,Lata Mangeshkar
Jodi Bhabo Bhalobeshe,bn,Bangla Film,Romantic Playback,Alka Yagnik
Andhakarer Ei Raater Sheshe,bn,Bangla Film,Romantic Playback,Kishore Kumar
Amar Raat Pohaalo (d B),bn,Rabindra Sangeet,Tagore Nature,Debabrata Biswas
Bangla:- (Ami Bangla Mayer Chhele and Amar Sonar Bangla),bn,Bangla Folk,Regional Folk,Dohar
Sukno Patar Nupur Paye,bn,Nazrul Geeti,Nazrul Romantic,Feroza Begum
Jodi Kagoje Lekho Naam,bn,Bangla Film,Romantic Playback,Manna Dey
Na Chahile Jare Paoya Jaay - Manna Dey,bn,Bangla Film,Romantic Playback,Manna Dey
Jhilik Jhilik Jhinuk,bn,Bangla Film,Romantic Playback,Lata Mangeshkar
Purano Sei Diner Kotha,bn,Bangla Film,Romantic Playback,Hemant Kumar
O Tota Pakhi Re,bn,Adhunik Bangla,Romantic Modern,Nirmal Mishra
She Keno Amay,bn,Adhunik Bangla,Romantic Modern,Pankaj Udhas
Jeevanamaraner,bn,Rabindra Sangeet,Tagore Devotional,Debabrata Biswas
Eureka Eureka,bn,Bangla Film,Duet Playback,Kishore Kumar|Ranu Mukherjee|Chorus
Chhinnapatar Sajai Taranee,bn,Rabindra Sangeet,Tagore Classic,Sumitra Sen
Amar Chetana Chaitanya Kore,bn,Devotional,Spiritual,Panna Lal Bhattacharjee
Amar Hriday Tomar Aapan Haater Dole (Duet),bn,Rabindra Sangeet,Tagore Classic,Arundhati Holme Chowdhury|Santu Mukherjee
Ek Din Aaro Gelo,bn,Bangla Film,Romantic Playback,Kishore Kumar
Madhumas Jay,bn,Bangla Film,Romantic Playback,R. D. Burman
Hotam Jodi Tota Pakhi,bn,Bangla Film,Romantic Playback,Lata Mangeshkar
Aadho Aalo Chhayte,bn,Bangla Film,Duet Playback,Kishore Kumar|Asha Bhosle
Ami Tomar Majhe Pelam Khunje,bn,Bangla Film,Romantic Playback,Hemant Kumar
Ore Mon-Mayana,bn,Bangla Film,Romantic Playback,Lata Mangeshkar
Machher Kanta Khonpar Kanta,bn,Bangla Film,Romantic Playback,Asha Bhosle
Bhalobese Sakhi Nibhrite Jatane,bn,Rabindra Sangeet,Tagore Nature,Chinmoy Chatterjee
Nahin Surya Nahin Jyoti,bn,Devotional,Bhajan,Anup Jalota
Ek Baishakhe Dekha Holo Dujanay,bn,Bangla Film,Romantic Playback,Aarti Mukherji
Ei Sundar Raatri,bn,Bangla Film,Romantic Playback,Sandhya Mukherjee
O Montrimoshai,bn,Children's Music,Comic Song,Rabi Ghosh|Anup Ghoshal
Iskabaner Deshe,bn,Children's Music,Comic Song,Antara Chwdhury
Gun Gun Gun Kunje Amar,bn,Bangla Film,Romantic Playback,Asha Bhosle
Golemale Gole Male Pirit Koiro Na,bn,Bangla Folk,Baul,Purna Das Baul
Tomaro Ashimey,bn,Rabindra Sangeet,Tagore Devotional,Debabrata Biswas
Amar Moner Ei Mayurmahale,bn,Bangla Film,Romantic Playback,Kishore Kumar
Ami Je Ke Tomar,bn,Bangla Film,Romantic Playback,Lata Mangeshkar
Tomate Amate Dekha Hoyechhilo,bn,Bangla Film,Romantic Playback,R. D. Burman
Raat Je Madhumati,bn,Bangla Film,Romantic Playback,Asha Bhosle
Ei Brishtite Bhije Mati,bn,Bangla Folk,Regional Folk,Manna Dey|Lata Mangeshkar
Ke Pratham Kachhe Esechhi,bn,Bangla Film,Duet Playback,Lata Mangeshkar|Manna Dey
Pherano Jabe Na Aar,bn,Bangla Film,Romantic Playback,Hemant Kumar
Chanchal Moyuri E Raat,bn,Bangla Film,Romantic Playback,Lata Mangeshkar
Ei To Bhalo Legechhilo - Hemanta Mukherjee,bn,Bangla Film,Romantic Playback,Hemant Kumar
Eso Pranbharan,bn,Rabindra Sangeet,Tagore Classic,Arundhati Holme Chowdhury|Bitu Samajpati
Ami Aaj Bhebechhi Mone,bn,Bangla Film,Romantic Playback,Hemant Kumar
Baro Eka Laage,bn,Bangla Film,Melancholy Playback,Manna Dey
Nohi Jantra,bn,Children's Music,Comic Song,Anup Ghoshal
Pranbhara Swapna,bn,Bangla Film,Duet Playback,Kishore Kumar|Chandrani Mukherjee
Sabar Aarale,bn,Bangla Film,Romantic Playback,Lata Mangeshkar
Tapur Tupur Sara Dupur,bn,Bangla Film,Romantic Playback,Aarti Mukherji
Amay Bolo Na Gahite,bn,Rabindra Sangeet,Tagore Classic,Suchitra Mitra
Ore Sujan Naiya,bn,Bangla Film,Romantic Playback,R. D. Burman
Aami Dasyir Sathey Kori Dosti,bn,Bangla Film,Romantic Playback,Manna Dey
Na Na Emon Korey,bn,Bangla Film,Romantic Playback,Asha Bhosle
Katha Hoyechhilo,bn,Bangla Film,Romantic Playback,Asha Bhosle
Pathey Chhile Jetey,bn,Rabindra Sangeet,Tagore Classic,Debabrata Biswas
Jakhan Porbe Na Mor Payer Chinha,bn,Bangla Film,Romantic Playback,Hemant Kumar
Kana Machhi Bhon Bhon,bn,Children's Music,Comic Song,Antara Chwdhury|Sabita Chowdhury
Dui Naukaye Diya Pa,bn,Bangla Film,Romantic Playback,Alka Yagnik
Shiter Shishir Bheja Raat,bn,Adhunik Bangla,Romantic Modern,Bhupen Hazarika
Mon Tomar Ei Bhram Gelo Na,bn,Devotional,Spiritual,Panna Lal Bhattacharjee
Ami Tomar Preme Habo Sabar,bn,Rabindra Sangeet,Tagore Romantic,Sagar Sen
Mahabiswey Mahabiswey,bn,Rabindra Sangeet,Tagore Classic,Debabrata Biswas
Priyotamo Ki Likhi Tomay,bn,Bangla Film,Romantic Playback,Lata Mangeshkar
O Bideshi Bandhu,bn,Adhunik Bangla,Urban Modern,Bhupen Hazarika
Nayan Chherey Geley,bn,Rabindra Sangeet,Tagore Classic,Debabrata Biswas
Aaro Katodin Ami Khunjechhi Tomake,bn,Bangla Film,Romantic Playback,Aarti Mukherji
Kalyankarini Saptanadi Bhagini,bn,Rabindra Sangeet,Tagore Classic,Chandrabali Rudra Dutta
Shono Go Dakhin Hawa,bn,Adhunik Bangla,Romantic Modern,S. D. Burman
Prem Kise Hoy,bn,Bangla Film,Romantic Playback,Asha Bhosle
King Of The Ghosts Gives 3 Boons,bn,Children's Music,Fantasy Song,Satyajit Ray
Kon Pakhi Dhara Dite Chaaye,bn,Bangla Film,Romantic Playback,Hemant Kumar
Bharaa Thaak Smritisudhaay,bn,Rabindra Sangeet,Tagore Nostalgia,Debabrata Biswas
Naam Rekhechhi Bonolata,bn,Adhunik Bangla,Romantic Modern,Shyamal Mitra
Ami Apon Koriya Chahini,bn,Bangla Film,Romantic Playback,Asha Bhosle
"Barne, Gandhe, Chhande, Gitite",bn,Adhunik Bangla,Romantic Modern,S. D. Burman
Hay Go Amar Mon Mane Na,bn,Bangla Film,Romantic Playback,Asha Bhosle
Darjeeling Jatra,bn,Children's Music,Travel Comic,R. D. Burman
Ja Peyechhi,bn,Bangla Film,Romantic Playback,Amit Kumar
Se To Elo Na,bn,Bangla Film,Romantic Playback,Kishore Kumar
Na Na Jeo Na,bn,Bangla Film,Melancholy Playback,Manna Dey
Pratidhwani Suni,bn,Adhunik Bangla,Romantic Modern,Bhupen Hazarika
Ke Jay Amritadhamjatri,bn,Rabindra Sangeet,Tagore Classic,Ritu Guha
Badal Kalo Ghirlo Go,bn,Bangla Film,Romantic Playback,Lata Mangeshkar
Baro Asha Kare,bn,Bangla Film,Romantic Playback,Asha Bhosle
Onek Khujechi Khuje Payine,bn,Bangla Film,Romantic Playback,Mohammad Aziz
Aar Nai Je Deri,bn,Rabindra Sangeet,Tagore Classic,Chinmoy Chatterjee
Rai Jago Rai Jago Bole,bn,Bangla Folk,Polli Geeti,Amar Pal
"Ogo Kangal, Amare Kangal Karechho",bn,Rabindra Sangeet,Tagore Classic,Ritu Guha
Eto Kachhe Dujane,bn,Bangla Film,Romantic Playback,Kishore Kumar
Amra Korbo Joy,bn,Bangla Patriotic,Inspirational Anthem,Bhupen Hazarika|Chorus
E Jiban Premeri Ek Patabahar Kabita,bn,Bangla Film,Romantic Playback,Kishore Kumar
Megh Aar Kuyashay Hok,bn,Bangla Film,Duet Playback,Kishore Kumar|Aarti Mukherji
Amar Bela Je Jai,bn,Bangla Film,Romantic Playback,Asha Bhosle
Badhu Kon Alo (Part 2),bn,Rabindra Sangeet,Tagore Nature,Arundhati Holme Chowdhury
Shudhu Jaoya Aasa,bn,Rabindra Sangeet,Tagore Classic,Arundhati Holme Chowdhury
Chanchal Mon Anmona Hoy,bn,Bangla Film,Duet Playback,Lata Mangeshkar|Hemant Kumar
Bhola Mon Moner Katha,bn,Adhunik Bangla,Romantic Modern,Shyamal Mitra
Amar Andhar Bhubane,bn,Bangla Film,Romantic Playback,Kishore Kumar
Banshi Keno Hai,bn,Bangla Film,Romantic Playback,Lata Mangeshkar
Hey Priyotama Ami To Tomay,bn,Bangla Film,Romantic Playback,Kishore Kumar
"Sakhi, Bhabana Kahare Bale",bn,Rabindra Sangeet,Tagore Romantic,Sumitra Sen
Klaanti Aamaar Kshamaa Koro,bn,Rabindra Sangeet,Tagore Classic,Debabrata Biswas
Tunhu Mamo Monpran Hey (Stereo),bn,Bangla Film,Romantic Playback,Sandhya Mukherjee
Jabo Ki Jabo Na,bn,Bangla Film,Romantic Playback,Asha Bhosle
Dekhe Elam Ruper Agun,bn,Bangla Film,Romantic Playback,Manna Dey
E Ki Holo,bn,Bangla Film,Romantic Playback,Kishore Kumar
Gharete Bhramar Elo,bn,Rabindra Sangeet,Tagore Classic,Sumitra Sen
Ma Tui Amay Daya Korbi Ki Na Bal,bn,Devotional,Spiritual,Manna Dey
Aaj Bikeler Dake Tomar Chithi,bn,Adhunik Bangla,Romantic Modern,Banasree Sengupta
Aaro Bhalo Hoto,bn,Bangla Film,Romantic Playback,Hemant Kumar
Tumi Je Amar,bn,Bangla Film,Romantic Playback,Asha Bhosle
Amar Khela Jakhon Chhilo Tomar Sane,bn,Bangla Film,Romantic Playback,Hemant Kumar
Shono Ei To Samay,bn,Bangla Film,Romantic Playback,R. D. Burman
Ami Gun Kormu Ekjonare,bn,Devotional,Bhajan,Anuradha Paudwal
Nibhrita Praner,bn,Rabindra Sangeet,Tagore Classic,Debabrata Biswas
Dinguli Mor Sonar Khanchay Roilo Na,bn,Adhunik Bangla,Romantic Modern,Dwijen Mukherjee
Keno Dure Thako,bn,Bangla Film,Melancholy Playback,Hemant Kumar
Jabar Belay Pichhu Theke,bn,Bangla Film,Romantic Playback,Lata Mangeshkar
Tomake Shonate E Gaan,bn,Bangla Film,Romantic Playback,Lata Mangeshkar
Akash Keno Daake,bn,Bangla Film,Romantic Playback,Kishore Kumar
Jani Jani Tumi Esechho E Pathe,bn,Adhunik Bangla,Romantic Modern,Sudeshna Chatterjee
Hey Mor Debota,bn,Rabindra Sangeet,Tagore Classic,Debabrata Biswas
Jodi Baran Karo Tabe Gabo Na,bn,Bangla Film,Romantic Playback,Lata Mangeshkar
Ami Jani Na,bn,Bangla Film,Duet Playback,Asha Bhosle|Abhijeet Bhattacharya
Aaro Kachakachi,bn,Bangla Film,Duet Playback,Kishore Kumar|Asha Bhosle
Ogo Abar Natun Kore,bn,Bangla Film,Romantic Playback,Mukesh
Deep Nibhey Gechhey,bn,Rabindra Sangeet,Tagore Classic,Indrani Sen
Mon Mor Megher Sangi,bn,Bangla Film,Romantic Playback,Hemant Kumar
Aachhey Dukkha,bn,Rabindra Sangeet,Tagore Classic,Debabrata Biswas
Saat Sakaale,bn,Bangla Film,Romantic Playback,Lata Mangeshkar
Jakhan Ami Anek Dure,bn,Bangla Film,Melancholy Playback,Kishore Kumar
Prano Bhariye Trisha Hariye,bn,Rabindra Sangeet,Tagore Classic,Debabrata Biswas
Mor Bhabonare (Female),bn,Rabindra Sangeet,Tagore Classic,SAHANA BAJPEI
Hai Re Poda Banshi,bn,Bangla Film,Romantic Playback,Lata Mangeshkar
Tomar Oi Dhupchhaya Rang,bn,Adhunik Bangla,Romantic Modern,Shyamal Mitra
Je Chhilo Amar Swapancharini,bn,Adhunik Bangla,Romantic Modern,Srikanto Acharya
Dinguli Mor,bn,Rabindra Sangeet,Tagore Nostalgia,Debabrata Biswas
Mora Dujonai Rajar Jamai,bn,Children's Music,Fantasy Song,Anup Ghoshal
Amay Nahe Go,bn,Nazrul Geeti,Nazrul Romantic,Feroza Begum
Naam Dhore Kejano,bn,Bangla Film,Romantic Playback,Alka Yagnik
Shai Pakhitar,bn,Bangla Film,Romantic Playback,Alka Yagnik
Deko Naa Aamarey,bn,Rabindra Sangeet,Tagore Classic,Indrani Sen
O Amar Pran Sajani (Champabothi Kanya),bn,Bangla Film,Romantic Playback,Lata Mangeshkar
Phote Je Rakta Golap,bn,Bangla Film,Romantic Playback,Kishore Kumar
Bhulo Na Pratham Se Din,bn,Bangla Film,Romantic Playback,Lata Mangeshkar
Jadi Akash Hoto Ankhi,bn,Bangla Film,Romantic Playback,Aarti Mukherji
Tung Tung Tung,bn,Adhunik Bangla,Romantic Modern,C.L.T.
Habuchandra Raja,bn,Children's Music,Fantasy Song,Antara Chwdhury
E Mon Amar Hariye Jay,bn,Bangla Film,Melancholy Playback,Asha Bhosle
Rangiye Diye Jao,bn,Bangla Film,Romantic Playback,Hemant Kumar
Tomar Kaache Jabo,bn,Bangla Film,Romantic Playback,Alka Yagnik
Sei Raate Raat Chhilo Purnima,bn,Adhunik Bangla,Romantic Modern,Kishore Kumar
Jafrani Rang Akashe,bn,Bangla Film,Romantic Playback,Asha Bhosle
Tomar Pujar Chhaley,bn,Rabindra Sangeet,Tagore Devotional,Debabrata Biswas
Shyam Roop Dhariya,bn,Adhunik Bangla,Romantic Modern,S. D. Burman
O Jhar Jhar Jharna,bn,Bangla Film,Romantic Playback,Lata Mangeshkar
"Madhur, Tomar Shesh Jey Na Pai",bn,Rabindra Sangeet,Tagore Classic,Indrani Sen
Kar Milano Chao Birahi,bn,Rabindra Sangeet,Tagore Classic,Indrani Sen
Pran Chay Chokkhu Na Chay,bn,Rabindra Sangeet,Tagore Classic,Sagar Sen
Amar Ga Chhamchham Kare,bn,Bangla Film,Duet Playback,Asha Bhosle|Bappi Lahiri
Esse Chhile Tobu,bn,Rabindra Sangeet,Tagore Classic,Debabrata Biswas
Ore Mon Pakhi,bn,Bangla Film,Romantic Playback,Lata Mangeshkar
Bare Bare Ke Jeno Dake,bn,Adhunik Bangla,Romantic Modern,Manabendra Mukherjee
Beshi Ki Boli Jakhon Boli,bn,Bangla Film,Duet Playback,Bappi Lahiri|Asha Bhosle
Chalo Chole Jai Haate Haat Rekhe,bn,Bangla Film,Duet Playback,Asha Bhosle|R. D. Burman
Bandha Moner Duar Diyechhi,bn,Bangla Film,Romantic Playback,Asha Bhosle
Haowa Megh Saraye Phul Jharaye,bn,Bangla Film,Romantic Playback,Kishore Kumar
Khukumani Go Sonaa,bn,Children's Music,Children's Song,Antara Chwdhury|Sabita Chowdhury
Diner Shese Ghumer Deshe,bn,Bangla Film,Romantic Playback,Hemant Kumar
Tari Amar Hathat Dubey Jai,bn,Rabindra Sangeet,Tagore Classic,Indrani Sen
Ami Tomay Jato Shuniyechhilem Gaan,bn,Bangla Film,Romantic Playback,Hemant Kumar
Tomar Dake Sara Dite,bn,Bangla Film,Romantic Playback,Aarti Mukherji
Ki Je Bhabi Elomelo,bn,Bangla Film,Romantic Playback,Asha Bhosle
Ekta Gaan Likho Amar Janyo,bn,Adhunik Bangla,Romantic Modern,Pratima Banerjee
Ei Agune Haat Rakho,bn,Adhunik Bangla,Romantic Modern,Nachiketa Chakraborty
Ami To Tomar Chirodiner Hnasi Kannar Sathi,bn,Adhunik Bangla,Romantic Modern,Nirmal Mishra
Dekte Dekte Din Chole,bn,Bangla Film,Romantic Playback,Mahendra Kapoor
Amio Pather Mato,bn,Bangla Film,Romantic Playback,Hemant Kumar
Dure Dure Kachhe Kachhe,bn,Bangla Film,Melancholy Playback,Aarti Mukherji
Lakshmiti Dohai Tomar,bn,Bangla Film,Romantic Playback,Asha Bhosle
Ekhono Sarengita Bajchhe,bn,Adhunik Bangla,Romantic Modern,Haimanti Shukla
Angur Angur Chokh,bn,Bangla Film,Romantic Playback,Asha Bhosle
Je Jon Premer Bhav Jane Na,bn,Adhunik Bangla,Romantic Modern,Runa Laila
O Duti Ankhi Jeno,bn,Bangla Film,Romantic Playback,Hemant Kumar
Tumi Nirmal Karo Mangal Kare,bn,Devotional,Spiritual,Panna Lal Bhattacharjee
Nabo Anande Jago Aaji,bn,Bangla Film,Romantic Playback,Hemant Kumar
Kaharba Noy Dadra Bajao,bn,Bangla Film,Romantic Playback,Manna Dey
Amay Prashna Kare Neel Dhrubatara,bn,Bangla Film,Romantic Playback,Hemant Kumar
Banya Banya E Aranya,bn,Bangla Film,Romantic Playback,Aarti Mukherji
Ki Gabo Ami Ki Shunabo,bn,Bangla Film,Romantic Playback,Aarti Mukherji
Praaney Gaan Naai,bn,Rabindra Sangeet,Tagore Classic,Indrani Sen
Dak Pathale Kaal Sakale,bn,Bangla Film,Duet Playback,Asha Bhosle|R. D. Burman
Tumi Esechhile Porshu,bn,Adhunik Bangla,Romantic Modern,S. D. Burman
Jani Na Se Kon Sudur Pare,bn,Adhunik Bangla,Romantic Modern,Haimanti Shukla
Dil Dariyar Majhete,bn,Bangla Folk,Baul,Purna Das Baul
Jani Nai Go Sadhan,bn,Rabindra Sangeet,Tagore Classic,Debabrata Biswas|Others
Ei Je Nadi Jay Sagare,bn,Bangla Film,Romantic Playback,Kishore Kumar
Kar Manjir Baje Rini,bn,Adhunik Bangla,Romantic Modern,Shyamal Mitra
Khonpar Ei Golap Diye,bn,Adhunik Bangla,Romantic Modern,Sivaji Chatterjee
Tumi Jey Surer Aagun,bn,Rabindra Sangeet,Tagore Classic,Indrani Sen
Bharat Amar Bharat Barsha,bn,Bangla Film,Romantic Playback,Manna Dey
Din Jaye Raat Jaye,bn,Devotional,Bhajan,Anuradha Paudwal
Bahudiner Agete Godhulir Belate,bn,Adhunik Bangla,Romantic Modern,Bhupen Hazarika
Amar Sesh Paraner Kodi,bn,Rabindra Sangeet,Tagore Romantic,Debabrata Biswas
Aaj Mon Cheyechhe,bn,Bangla Film,Romantic Playback,Lata Mangeshkar
Ei Je Heri Go Debi Amari,bn,Bangla Film,Romantic Playback,Hemant Kumar
Jiya Manat Na - Thumree,bn,Bangla Film,Romantic Playback,Mahendra Kapoor
Akaraney Akaley Mor,bn,Rabindra Sangeet,Tagore Classic,Debabrata Biswas
Se To Elo Na,bn,Bangla Film,Romantic Playback,Kishore Kumar
Ei Sundar Swarnali Sandhaye,bn,Bangla Film,Romantic Playback,Geeta Dutt
Payal Baje Chham Chham Chham - Thumree,bn,Bangla Film,Romantic Playback,Mahendra Kapoor
Chinechhi Chinechhi Tomar E Mon,bn,Bangla Film,Romantic Playback,Aarti Mukherji
Bhalobashar Moto Bhalo Kauke,bn,Bangla Film,Romantic Playback,Udit Narayan
Swapney Aamaar Mone Holo,bn,Rabindra Sangeet,Tagore Classic,Indrani Sen
Ei Edike Eso Esona,bn,Bangla Film,Romantic Playback,Asha Bhosle
Milan Hobe Katodine,bn,Bangla Folk,Lalon,Farida Parveen
Baani Tabo Dhai,bn,Rabindra Sangeet,Tagore Classic,Debabrata Biswas
Na Na Kache Eso Na,bn,Bangla Film,Romantic Playback,Lata Mangeshkar
Tomar Bhubane Phuler Mela,bn,Adhunik Bangla,Romantic Modern,Akhil Bandhu Ghosh
Bojho Na Keno Je,bn,Bangla Film,Romantic Playback,Lata Mangeshkar
Oi Padma Chokher Neel Jamunay,bn,Adhunik Bangla,Romantic Modern,Shyamal Mitra
Kon Bhiruke Bhoy Dekhabi,bn,Rabindra Sangeet,Tagore Classic,Suchitra Mitra
Pather Shes Kothay,bn,Bangla Film,Romantic Playback,Hemant Kumar
Jodi Jante Chao Tumi,bn,Bangla Film,Romantic Playback,Hemant Kumar
O Mago Ma,bn,Children's Music,Comic Song,Antara Chwdhury
Tomari Jharnatalar Nirjane,bn,Bangla Film,Romantic Playback,Asha Bhosle
Aaha Ki Darun Dekhtey,bn,Bangla Film,Romantic Playback,Kishore Kumar
Baro Bishad Bhara Rajani,bn,Bangla Film,Duet Playback,Lata Mangeshkar|Chorus
E Kemon Ranga Jadu,bn,Adhunik Bangla,Romantic Modern,Bhupen Hazarika
Tobu Bole Keno Sahasai,bn,Bangla Film,Romantic Playback,Kishore Kumar
Krishnachura Shon Shon Shon,bn,Bangla Film,Romantic Playback,Lata Mangeshkar
Tui Ki Amar Putul Putul,bn,Children's Music,Children's Song,Manna Dey
Naam Amar Kishore Kumar Ganguly,bn,Adhunik Bangla,Tribute Song,Kishore Kumar
Jeno Kichhu Mone Korona,bn,Adhunik Bangla,Romantic Modern,Akhil Bandhu Ghosh
Chokhe Naame Brishti,bn,Bangla Film,Romantic Playback,Asha Bhosle
Opare Thakbo Ami,bn,Bangla Film,Romantic Playback,Kishore Kumar
Khub Chena Chena Mukhkhani,bn,Bangla Film,Romantic Playback,Asha Bhosle
O Shyam Jakhan Takhan,bn,Bangla Film,Duet Playback,Sujata Mukherjee|Aarti Mukherji
Baba O Khoka,bn,Bangla Film,Romantic Playback,Kishore Kumar
Amar Mon Manne Na,bn,Bangla Film,Romantic Playback,Asha Bhosle
Ekti Kunri Duti Pata,bn,Adhunik Bangla,Romantic Modern,Bhupen Hazarika
Putul Putul,bn,Children's Music,Children's Song,Antara Chwdhury
Aamar Moner Kato Sukh Niye,bn,Bangla Film,Romantic Playback,Mukesh
Jaubansarosinire,bn,Bangla Film,Romantic Playback,Hemant Kumar
O Mor Moyna Go,bn,Bangla Folk,Folk Song,Lata Mangeshkar
Nijhum Nishithe,bn,Bangla Film,Romantic Playback,Hemant Kumar
E Manihar Amay Nahi Saje,bn,Bangla Film,Romantic Playback,Hemant Kumar
O Aamar Kandher Anchal,bn,Bangla Film,Romantic Playback,Asha Bhosle
Anek Jamano Byatha,bn,Bangla Film,Romantic Playback,Kishore Kumar
Jodi Jante Chao Tumi,bn,Bangla Film,Romantic Playback,Hemant Kumar
Saat Suron Ki Bandh Payeliya,bn,Bangla Film,Duet Playback,Hemant Kumar|Shakti Thakur
Ekkhana Megh Bhese Elo Akashe,bn,Adhunik Bangla,Romantic Modern,Bhupen Hazarika
Chokhe Chokh Rekhe - Kishore Kumar,bn,Bangla Film,Romantic Playback,Kishore Kumar
Ore Mon Ke Emon Daga,bn,Bangla Film,Duet Playback,Amit Kumar|Bhupinder Singh|Mohammed Rafi|Aarti Mukherji
E Mon Mor Jani Na Kotha Je Haralo,bn,Adhunik Bangla,Romantic Modern,Nirmal Mishra
Amar Silpi Kishore Kumar,bn,Bangla Film,Romantic Playback,Kumar Sanu
Ke Jay Re,bn,Bangla Film,Romantic Playback,Asha Bhosle
Pretty in Pink,en,rock,permanent wave,The Psychedelic Furs
Good Stuff,en,rap,southern hip hop,UGK
Upgraded,en,edm,progressive electro house,Capital Kings
Body Language (feat. Usher & Tinashe),en,pop,post-teen pop,Kid Ink
My Homeboy's Girlfriend,en,rap,southern hip hop,8Ball
The Needle And The Spoon,en,rock,classic rock,Lynyrd Skynyrd
Rain,en,rock,hard rock,Status Quo
X's We Share,en,r&b,new jack swing,Jodeci
Feelin' Alright,en,rock,album rock,Joe Cocker
Hurts 2B Human (feat. Khalid) - Midnight Kids Remix,en,edm,big room,P!nk
No One Knows Who We Are (Radio Edit) (feat. Lights),en,edm,progressive electro house,Kaskade
Stronger,en,pop,electropop,Prismo
I Feel The Love,en,pop,dance pop,Tritonal
Futsal Shuffle 2020,en,rap,hip hop,Lil Uzi Vert
Baby I'm Yours - Re-Recorded,en,r&b,new jack swing,Shai
Come To Life,en,pop,dance pop,Neon Feather
Homicide (feat. Eminem),en,rap,hip hop,Logic
The Ghost in You,en,rock,permanent wave,The Psychedelic Furs
Is It Love,en,latin,tropical,3LAU
On GOD (with YG & Tyga feat. A$AP Ferg & A$AP Rocky),en,rap,hip hop,Mustard
Glory Days,en,rock,hard rock,Bruce Springsteen
Jungle Boogie,en,r&b,urban contemporary,Kool & The Gang
Everything and More (feat. Aaron Cole),en,pop,dance pop,Hollyn
In The Lap Of The Gods... Revisited - Remastered 2011,en,rock,album rock,Queen
The Humpty Dance,en,r&b,new jack swing,Digital Underground
Shake Whatcha Mama Gave Ya',en,rap,southern hip hop,Poison Clan
Have You Ever,en,r&b,new jack swing,Brandy
The Way I Are (Dance with Somebody) (feat. Lil Wayne) - Spotify Version,en,r&b,hip pop,Bebe Rexha
Don't Check On Me (feat. Justin Bieber & Ink),en,latin,latin pop,Chris Brown
Hail Mary,en,rap,gangster rap,2Pac
Centerfold,en,rock,classic rock,The J. Geils Band
Waverunners,en,rap,southern hip hop,dopeSMOOTHIES
Hallucinogenics,en,pop,indie poptimism,Matt Maeson
Somebody I'm Not,en,latin,tropical,Martin Jensen
Fangirl,en,r&b,urban contemporary,Lil Peep
Lovers on the Sun (feat. Sam Martin),en,edm,electro house,David Guetta
Round and Round,en,rock,classic rock,Ratt
With You,en,r&b,new jack swing,Tony Terry
More Than You Know,en,pop,dance pop,Axwell /\ Ingrosso
But God,en,r&b,neo soul,Isaac Carree
OCD (with Dwn2earth),en,rap,hip hop,Logic
Cool,en,r&b,hip pop,Jonas Brothers
Sunshine (feat. Lea) - Explicit Album Version,en,rap,hip hop,Lil' Flip
Cum on Feel the Noize,en,rock,classic rock,Quiet Riot
Electricity,en,edm,pop edm,Culture Code
Emotion,en,r&b,hip pop,Mia Rodriguez
Take Me Home (feat. Bebe Rexha),en,edm,progressive electro house,Cash Cash
Animals,en,edm,big room,Martin Garrix
I Need A Lover,en,rock,classic rock,John Mellencamp
Rock Wit U (Awww Baby),en,r&b,hip pop,Ashanti
Keep Yourself Alive - 2011 Mix,en,rock,album rock,Queen
The Next Time I Fall (with Amy Grant),en,rock,album rock,Peter Cetera
Where The Hood At,en,rap,gangster rap,DMX
Animal Instinct,en,rock,album rock,The Cranberries
I'm Ready,en,r&b,new jack swing,Tevin Campbell
The Boys Of Summer,en,rock,album rock,Don Henley
Did You Ever Think - Remix - Radio Edit,en,r&b,new jack swing,R. Kelly
Redbone,en,r&b,urban contemporary,Childish Gambino
I Just Want You,en,r&b,neo soul,Caleb Hawley
Treat You Better,en,pop,dance pop,Shawn Mendes
Bia' Bia',en,rap,southern hip hop,Lil Jon
Clan In Da Front,en,rap,southern hip hop,Wu-Tang Clan
When I See You Smile,en,rock,album rock,Bad English
Alladat,en,r&b,urban contemporary,Jarren Benton
Fireflies,en,pop,post-teen pop,Owl City
Thinking About You (feat. Ayah Marar),en,pop,electropop,Calvin Harris
Be the One,en,pop,electropop,Dua Lipa
Not Gon' Cry,en,r&b,new jack swing,Mary J. Blige
Feel,en,pop,indie poptimism,Victors
"You're Gonna Go Far, Kid",en,pop,post-teen pop,The Offspring
Can't You See,en,rock,album rock,The Marshall Tucker Band
Money For Nothing,en,rock,classic rock,Dire Straits
Used To,en,r&b,urban contemporary,Drake
Banquet,en,rock,album rock,Bloc Party
How We Party,en,edm,big room,R3HAB
Outta My System,en,r&b,hip pop,Bow Wow
2 MUCH (feat. 24hrs) (feat. 24hrs),en,rap,trap,Flosstradamus
Better Give U Up,en,r&b,neo soul,FKJ
With Me,en,r&b,neo soul,dvsn
Bang Bang,en,rap,hip hop,YNW Melly
Renaissance (feat. Clairity),en,edm,pop edm,Steve James
2U (feat. Justin Bieber),en,pop,electropop,David Guetta
Stutter,en,pop,post-teen pop,Marianas Trench
Boom Boom Pow,en,pop,post-teen pop,The Black Eyed Peas
Make tha Trap Say Aye (feat. Gucci Mane),en,rap,southern hip hop,OJ Da Juiceman
You Are the One Thing,en,edm,progressive electro house,Bright City
High School Dropout,en,pop,electropop,Neon Dreams
Make 'Em Say Ugh,en,rap,southern hip hop,Master P
Ruby,en,rock,permanent wave,Kaiser Chiefs
Paranoid,en,rock,classic rock,Black Sabbath
Easy Love,en,latin,tropical,Sigala
Paradise,en,rap,southern hip hop,Demun Jones
The Flute Song,en,rap,hip hop,Russ
Radar Love,en,rock,album rock,Golden Earring
slow motion,en,pop,indie poptimism,flor
Thief,en,rap,trap,Ookay
Society,en,rock,permanent wave,Eddie Vedder
Starstruck,en,pop,post-teen pop,Christopher Wilde
I Don't Fuck With You,en,pop,post-teen pop,Big Sean
Still Frame,en,rock,hard rock,Trapt
Issues/Hold On,en,r&b,urban contemporary,Teyana Taylor
Stellar,en,r&b,neo soul,Jamila Woods
Sloppy Seconds,en,pop,indie poptimism,Watsky
Party Rock Anthem,en,pop,post-teen pop,LMFAO
Right Down the Line,en,rock,album rock,Gerry Rafferty
Ether,en,rap,gangster rap,Nas
Bootie in Your Face - No Rock Drop,en,edm,electro house,Deorro
Calm Down,en,rap,hip hop,G-Eazy
Cheerleader (Felix Jaehn Remix) - Radio Edit,en,latin,latin hip hop,OMI
Heartbeat,en,pop,electropop,Claptone
Kali Yuga,en,rap,gangster rap,Ghostemane
First Time - Gryffin Remix,en,edm,electro house,Kygo
Finally // beautiful stranger,en,pop,dance pop,Halsey
My Body,en,pop,indie poptimism,Young the Giant
Save It For A Rainy Day,en,rock,classic rock,Stephen Bishop
Do You Think About Me,en,rap,gangster rap,50 Cent
One Woman Man,en,r&b,new jack swing,Dave Hollister
No More,en,rock,hard rock,Disturbed
Lullaby - Calvo Remix,en,edm,electro house,Sigala
You Make My Dreams - Remastered,en,pop,post-teen pop,Daryl Hall & John Oates
United We Are,en,edm,big room,Hardwell
Love Will Tear Us Apart - 2010 Remaster,en,pop,electropop,Joy Division
Again,en,latin,tropical,Wun Two
Perfect Strangers,en,pop,indie poptimism,Jonas Blue
Applause,en,pop,post-teen pop,Lady Gaga
Turnin' Me Up,en,r&b,neo soul,BJ The Chicago Kid
Faded - Dash Berlin Remix,en,pop,electropop,Alan Walker
TRUE - Single Edit,en,pop,electropop,Spandau Ballet
Heroes (we could be),en,pop,dance pop,Alesso
Picture Perfect,en,pop,post-teen pop,Man Overboard
Shoot Shoot - 2007 Remastered Version,en,rock,hard rock,UFO
Back In Black,en,pop,post-teen pop,AC/DC
The Weekend - Funk Wav Remix,en,pop,electropop,SZA
Beauty,en,r&b,urban contemporary,Dru Hill
The Boys Are Back In Town,en,rock,hard rock,Thin Lizzy
Down 4 Whateva,en,r&b,new jack swing,Nuttin' Nyce
Another Day,en,rock,album rock,Jamie Lidell
Gz And Hustlas (feat. Nancy Fletcher),en,rap,gangster rap,Snoop Dogg
Turning Up,en,pop,dance pop,ARASHI
Sometimes When We Touch,en,rock,album rock,Dan Hill
Closely,en,pop,indie poptimism,August Roads
High Pressure Dave,en,pop,electropop,HEALTH
Metal,en,rock,permanent wave,Gary Numan
Take Me Home Tonight,en,rock,album rock,Eddie Money
Blue Lights,en,r&b,urban contemporary,Jorja Smith
Rehab,en,r&b,neo soul,Amy Winehouse
Emotionless,en,r&b,hip pop,Drake
Morning Starship,en,rock,classic rock,Morrissey
Don't Worry (feat. Ray Dalton) - Matoma Remix,en,edm,pop edm,Madcon
CAPO,en,rap,gangster rap,NLE Choppa
All Night,en,edm,electro house,Parov Stelar
Burden,en,r&b,neo soul,Foy Vance
Band of Gypsies - Edit,en,latin,latin hip hop,Cypress Hill
Break Your Heart,en,edm,pop edm,Taio Cruz
Adios,en,pop,dance pop,EVERGLOW
Hate Me Now (feat.- Puff Daddy),en,rap,gangster rap,Nas
Dancer,en,edm,progressive electro house,Gino Soccio
Look What You Made Me Do,en,pop,post-teen pop,Taylor Swift
Sever,en,rock,hard rock,Red
"Why You Get Funky On Me - From ""House Party"" Soundtrack",en,r&b,new jack swing,Today
Snapping,en,pop,dance pop,CHUNG HA
We Are,en,rock,album rock,ONE OK ROCK
Adios,en,latin,latin pop,Kim Viera
Girls Just Want to Have Fun,en,pop,electropop,Cyndi Lauper
Amsterdam,en,rap,southern hip hop,Rick Ross
Intoxicated - Radio Edit,en,pop,electropop,Martin Solveig
Answer is near,en,rock,album rock,ONE OK ROCK
Loyal,en,rap,trap,ODESZA
Work,en,rap,southern hip hop,Rihanna
Go to Sleep Little Baby,en,pop,indie poptimism,Niykee Heaton
Almeda,en,r&b,neo soul,Solange
6 Man,en,r&b,urban contemporary,Drake
Show Me Love - Original Mix,en,edm,progressive electro house,Sam Feldt
Las Palabras De Amor (The Words Of Love) - Remastered 2011,en,rock,album rock,Queen
Holy,en,r&b,neo soul,Jamila Woods
How Sweet It Is (To Be Loved by You),en,rock,classic rock,James Taylor
No Fear (feat. Donna Missal),en,edm,electro house,Rudimental
World In My Eyes - 2006 Remastered Version,en,pop,electropop,Depeche Mode
ghostin,en,pop,post-teen pop,Ariana Grande
Lost,en,edm,progressive electro house,Gareth Emery
679 (feat. Remy Boyz),en,rap,hip hop,Fetty Wap
Chemistry,en,edm,progressive electro house,Wiwek
High Hopes,en,pop,post-teen pop,Panic! At The Disco
Paris,en,pop,indie poptimism,Magic Man
Cameras,en,pop,indie poptimism,Matt and Kim
Ain't My Fault - R3hab Remix,en,rap,trap,Zara Larsson
Blue Ocean Floor,en,r&b,urban contemporary,Justin Timberlake
Behind Barz - Bonus,en,rap,hip hop,Drake
Back To You - From 13 Reasons Why – Season 2 Soundtrack,en,pop,indie poptimism,Selena Gomez
Sending My Love,en,r&b,new jack swing,Zhané
Only Girl,en,r&b,neo soul,Kali Uchis
Feeling Good,en,rap,southern hip hop,Demun Jones
Invisible Touch - 2007 Remaster,en,rock,album rock,Genesis
Another Day,en,rock,album rock,Paul McCartney
Hey Now - Arty Remix,en,edm,progressive electro house,London Grammar
Icarus,en,r&b,neo soul,Kojey Radical
I just need U. - Capital Kings Remix,en,edm,progressive electro house,TobyMac
Wait For You (feat. Maia Wright),en,edm,progressive electro house,Mike Williams
It's your life (feat. Chris Willis),en,edm,progressive electro house,David Guetta
Get Down,en,rap,gangster rap,Nas
New Light,en,pop,dance pop,John Mayer
Nothin' But The Cavi Hit,en,rap,southern hip hop,Mack 10
Gucci Gang,en,rap,gangster rap,Lil Pump
Voices In My Head,en,edm,big room,NIVIRO
Next To Me,en,pop,dance pop,Axel Johansson
Self Importance,en,r&b,neo soul,Kilo Kish
Neighbour,en,pop,dance pop,Verses
Tonight,en,edm,progressive electro house,MOTi
It's Alright,en,r&b,new jack swing,Jodeci
Better,en,pop,electropop,Khalid
Fractures,en,edm,pop edm,ILLENIUM
Bad - 2012 Remaster,en,rock,classic rock,Michael Jackson
Don't Miss Me? - UNKLFNKL Remix,en,pop,indie poptimism,Marianas Trench
Feeling Lonely,en,pop,indie poptimism,boy pablo
Afternoon,en,pop,indie poptimism,TENDER
Take It Off,en,pop,indie poptimism,Two Friends
I Luv It,en,rap,southern hip hop,Jeezy
MMMBop,en,rock,permanent wave,Hanson
This Love - Acoustic,en,latin,latin pop,Maroon 5
Original Don (feat. The Partysquad) [Flosstradamus Remix],en,rap,trap,Major Lazer
Jailhouse Rock,en,rock,classic rock,Elvis Presley
The House of the Rising Sun,en,rock,hard rock,The Animals
Ice Cream Man,en,r&b,urban contemporary,Tyga
Where I Won't Be Found,en,edm,pop edm,Seven Lions
Breakaway,en,pop,post-teen pop,Kelly Clarkson
On my shoulders,en,rock,album rock,The Dø
Kids in Love - Don Diablo Remix,en,pop,dance pop,Kygo
2 Of Amerikaz Most Wanted,en,rap,southern hip hop,2Pac
Torn,en,r&b,urban contemporary,LeToya
Crashing (feat. Bahari),en,edm,pop edm,ILLENIUM
Alarm,en,edm,progressive electro house,Olly James
Rise (feat. Skylar Grey),en,pop,electropop,David Guetta
Wild Wild Son - Club Mix,en,edm,progressive electro house,Armin van Buuren
Back on the Chain Gang,en,rock,permanent wave,Morrissey
Save Me Pt 2 (feat. Austin Lam),en,r&b,urban contemporary,Ski Mask The Slump God
West End Girls - 2001 Remaster,en,rock,permanent wave,Pet Shop Boys
Make Me Wanna Die,en,rock,hard rock,The Pretty Reckless
Kobe,en,rap,southern hip hop,Chief Keef
Faded - Tiesto's Northern Lights Remix,en,edm,electro house,Alan Walker
Get to You Again,en,r&b,neo soul,Mac Ayres
Cot Damn (feat. Ab-Liva & Rosco P. Coldchain),en,rap,southern hip hop,Clipse
Joy To The World,en,rock,album rock,Three Dog Night
Somebody That I Used To Know - 4FRNT Remix,en,edm,pop edm,Gotye
Remember the Name (feat. Styles of Beyond),en,rock,hard rock,Fort Minor
I Decided,en,r&b,neo soul,Liv Warfield
The Same Way,en,edm,pop edm,Don Diablo
Losing U (feat. Daylight) - Radio Edit,en,pop,indie poptimism,Klingande
Sneak Diss (feat. So6ix),en,rap,gangster rap,Ghostemane
Cake By The Ocean,en,latin,latin hip hop,DNCE
Molly,en,rap,gangster rap,Tyga
Whole Lotta Love,en,rock,classic rock,Santana
Do Me!,en,r&b,new jack swing,Bell Biv DeVoe
Black Butterflies,en,edm,big room,Kill The Buzz
Let Me Love You - Marshmello Remix,en,rap,trap,DJ Snake
Gullah Gullah Island,en,r&b,urban contemporary,Dear Silas
Before You Go,en,pop,post-teen pop,Lewis Capaldi
Young,en,pop,electropop,The Chainsmokers
Big Faces,en,rap,southern hip hop,Geto Boys
Rumors,en,pop,post-teen pop,Lindsay Lohan
I Just Wanna Party,en,rap,gangster rap,YG
Sound of da Police,en,rap,southern hip hop,KRS-One
No Right To Love You - Acoustic,en,r&b,urban contemporary,Rhys Lewis
everything i wanted,en,pop,dance pop,Billie Eilish
There for You,en,pop,electropop,Martin Garrix
Bring Da Ruckus,en,rap,southern hip hop,Wu-Tang Clan
Same Old Song,en,r&b,urban contemporary,The Weeknd
Gimme Back My Bullets,en,rock,classic rock,Lynyrd Skynyrd
Love My Way,en,rock,permanent wave,The Psychedelic Furs
Limitless - Radio Mix,en,edm,progressive electro house,BURNS
All That I Am,en,r&b,urban contemporary,Joe
Nowhere to Run,en,rap,gangster rap,Brennan Savage
Cool Side Of The Pillow,en,r&b,neo soul,Kyle Dion
Wherever You Will Go,en,rock,album rock,The Calling
If The World,en,rock,album rock,Guns N' Roses
Step by Step,en,r&b,new jack swing,New Kids On The Block
Silhouettes - Original Radio Edit,en,edm,pop edm,Avicii
Who I Am,en,rock,hard rock,Wage War
747,en,r&b,hip pop,Bill Callahan
Never Know,en,r&b,urban contemporary,6LACK
Rattle Your Cage,en,rock,classic rock,Skrizzly Adams
Beautiful Life,en,pop,indie poptimism,Lost Frequencies
Act a Fool,en,rap,hip hop,Rick Ross
Yeah!!!,en,rap,southern hip hop,Pastor Troy
Malibu,en,pop,dance pop,Miley Cyrus
Slow Ride,en,rock,classic rock,Foghat
No Denying,en,r&b,urban contemporary,J Hus
Forever Live My Name,en,latin,latin hip hop,Lil Rob
Dirty Deeds Done Dirt Cheap,en,rock,album rock,AC/DC
"Glowstix, Neon & Blood",en,pop,electropop,Incubite
The One - Radio Edit,en,r&b,neo soul,Jorja Smith
Summiteer,en,rock,hard rock,Watch Out Stampede
Someday,en,rock,permanent wave,The Strokes
Brightest Light - Radio Edit,en,pop,indie poptimism,FDVM
SOS - Laidback Luke Tribute Remix / Radio Edit,en,pop,dance pop,Avicii
God Is a DJ,en,pop,dance pop,Faithless
24K Magic - R3hab Remix,en,edm,pop edm,Bruno Mars
Can't Feel My Face,en,pop,electropop,The Weeknd
Lost In Stereo,en,pop,post-teen pop,All Time Low
Message In A Bottle - Remastered 2003,en,rock,classic rock,The Police
Supernatural,en,pop,indie poptimism,Apollo LTD
Where The Hood At,en,rap,gangster rap,DMX
Hear Me Calling,en,rap,trap,Juice WRLD
Smooth (feat. Rob Thomas),en,rock,permanent wave,Santana
Opposites Attract,en,r&b,new jack swing,Paula Abdul
Into The Great Wide Open,en,rock,permanent wave,Tom Petty and the Heartbreakers
Sittin' Sidewayz (feat. Big Pokey),en,rap,hip hop,Paul Wall
Shooter,en,rap,southern hip hop,Lil Wayne
Titanium (feat. Sia),en,pop,post-teen pop,David Guetta
Over And Over,en,edm,progressive electro house,Sylvester
2000 Rounds,en,rap,gangster rap,Pouya
Sweet Emotion - Single Version,en,rock,hard rock,Aerosmith
Sketches of Pain,en,r&b,neo soul,Audible Mainframe
Pray to God - R3hab Remix,en,edm,big room,Calvin Harris
Confessions Part II - Confessions Special Edition Version,en,r&b,hip pop,Usher
Little Do You Know,en,edm,pop edm,Alex & Sierra
Fortunate,en,r&b,neo soul,Maxwell
Pon De Floor,en,latin,latin hip hop,Major Lazer
I Wonder if I Take You Home,en,r&b,new jack swing,Full Force
We Are Never Ever Getting Back Together,en,pop,post-teen pop,Taylor Swift
Shower the People,en,rock,classic rock,James Taylor
Carillon (with Achille Lauro),en,pop,dance pop,Nahaze
Heartbreaker,en,rock,hard rock,Her Bright Skies
Wicked,en,pop,indie poptimism,GRiZ
40th Street Black / We Will Fight,en,rap,southern hip hop,Wu-Tang Clan
Woke Up Late (feat. Hailee Steinfeld),en,r&b,hip pop,Drax Project
Sea Sick,en,rap,gangster rap,Fat Nick
"I'm the One (feat. Justin Bieber, Quavo, Chance the Rapper & Lil Wayne)",en,latin,latin hip hop,DJ Khaled
Crazy On You,en,rock,hard rock,Heart
Hella Neck,en,rap,hip hop,Carnage
Walk Away,en,rock,permanent wave,Franz Ferdinand
Watching The World,en,r&b,neo soul,Surahn
Mary Jane's Last Dance,en,rap,southern hip hop,Tom Petty and the Heartbreakers
Peanut Butter Jelly - Genairo Nvilla Remix,en,latin,latin hip hop,Galantis
Howl,en,rap,southern hip hop,Beware Of Darkness
Paradise,en,pop,indie poptimism,Rex Orange County
I Feel It Coming,en,pop,post-teen pop,The Weeknd
Heart Don't Stand a Chance,en,r&b,urban contemporary,Anderson .Paak
Whyyawannabringmedown,en,rock,hard rock,Aranda
Days Gone By,en,rock,classic rock,Van Morrison
Patek Water,en,rap,gangster rap,Future
Your Side Of The Bed,en,pop,indie poptimism,Loote
Patiently Waiting,en,rap,gangster rap,50 Cent
I Need Love,en,r&b,new jack swing,LL Cool J
The Wrong Ones,en,latin,latin hip hop,JC Stewart
Time of Dying,en,rock,hard rock,Three Days Grace
Don't Cry (Original),en,rock,classic rock,Guns N' Roses
Die For You,en,rock,hard rock,Red
Let You Know - Nathan C Remix,en,edm,progressive electro house,Flume
On Top Of The World,en,latin,latin hip hop,Imagine Dragons
One Day,en,rap,southern hip hop,UGK
Black Horse And The Cherry Tree,en,rock,album rock,KT Tunstall
You & Me - Flume Remix,en,rap,trap,Disclosure
High On Life (feat. Bonn),en,pop,dance pop,Martin Garrix
"Rhythm Is A Dancer - 7"" Edit",en,pop,dance pop,SNAP!
Can't Fight This Feeling,en,rock,hard rock,REO Speedwagon
Runaway,en,latin,tropical,Halcyon
Smilin,en,rap,southern hip hop,Demun Jones
BOSS,en,r&b,hip pop,The Carters
Self Control,en,r&b,neo soul,Frank Ocean
Fool's Gold,en,r&b,neo soul,Jill Scott
Lockjaw (feat. Kodak Black),en,rap,gangster rap,French Montana
Glory Days,en,rock,classic rock,Bruce Springsteen
Whatever It Takes,en,pop,post-teen pop,Imagine Dragons
Sunday Bloody Sunday - Remastered 2008,en,rock,classic rock,U2
All or Nothing - Sultan + Shepard Remix,en,latin,tropical,Lost Frequencies
Dive (feat. Cosmos & Creature) (feat. Cosmos & Creature),en,edm,pop edm,Attom
Kiss You All Over,en,rock,classic rock,Exile
Candy Rain,en,r&b,new jack swing,Soul For Real
GAMES ON YOUR PHONE,en,r&b,urban contemporary,24kGoldn
Don't Give Up,en,edm,progressive electro house,Chicane
Time In,en,rap,trap,Billy Marchiafava
In The Middle,en,pop,indie poptimism,dodie
That's Why (You Go Away) - 2014 Remastered Version,en,rock,album rock,Michael Learns To Rock
I Need A Hot Girl,en,rap,hip hop,Hot Boys
Express Yourself,en,r&b,urban contemporary,Charles Wright & The Watts 103rd Street Rhythm Band
BAD KID,en,rap,gangster rap,Night Lovell
Unstoppable,en,pop,indie poptimism,Paperwhite
It's a Sin - 2001 Remaster,en,pop,electropop,Pet Shop Boys
Nothin' But The Cavi Hit,en,rap,gangster rap,Mack 10
Unknown (To You),en,r&b,urban contemporary,Jacob Banks
Killing In The Name,en,rock,permanent wave,Rage Against The Machine
There Are Too Many Of Us,en,rock,permanent wave,Blur
Do Me Right,en,r&b,new jack swing,Guy
Bow Down,en,rock,hard rock,I Prevail
Glow - JSapp Remix,en,edm,progressive electro house,Britt Nicole
Cough Syrup,en,pop,post-teen pop,Young the Giant
Blame,en,r&b,neo soul,Bryson Tiller
Stone,en,pop,indie poptimism,Agnes Obel
Tell Your Friends,en,r&b,neo soul,The Weeknd
Is It Good To You,en,r&b,new jack swing,Teddy Riley
I Gotta Feeling,en,latin,latin hip hop,The Black Eyed Peas
Carry On - Nicky Romero Remix,en,pop,dance pop,Kygo
Before You Hit The Ground,en,rock,classic rock,Jonny Lang
Driftin' Blues,en,rock,classic rock,Charles Brown
Between The Devil And The Deep Blue Sea,en,rock,permanent wave,George Harrison
Since U Been Gone,en,latin,latin hip hop,Kelly Clarkson
Miss You Much,en,r&b,new jack swing,Janet Jackson
Stars,en,edm,electro house,VIZE
Flash Funk (feat. Marshmello),en,edm,big room,League of Legends
Oxygen,en,pop,post-teen pop,Maia Mitchell
I Found You (with Calvin Harris),en,pop,dance pop,benny blanco
Don't Stop Me Now - 2011 Mix,en,rock,album rock,Queen
MONOMANIA,en,rock,hard rock,The Word Alive
This Ain't My Day,en,rap,southern hip hop,Fredro Starr
Do Me Right,en,r&b,new jack swing,Guy
Stitches,en,pop,post-teen pop,Shawn Mendes
Twenty Eight,en,r&b,urban contemporary,The Weeknd
In the Morning (feat. Syd & Thundercat),en,r&b,hip pop,Mac Miller
In Trance - Studio Edit,en,rock,hard rock,Scorpions
Bad Blood,en,r&b,urban contemporary,Nao
Somethin Out of Nothin' (feat. Saara Maria),en,r&b,neo soul,Joomanji
Never Really Over - R3HAB Remix,en,pop,dance pop,Katy Perry
Bankroll,en,rap,gangster rap,Taz
Sometimes I Wonder,en,r&b,neo soul,Darius Rucker
I Never Loved a Man (The Way I Love You),en,r&b,neo soul,Aretha Franklin
Me and My Downfall,en,rock,album rock,DeeExpus
Steambreather,en,rock,hard rock,Mastodon
Heartbreaker - 1990 Remaster,en,rock,classic rock,Led Zeppelin
Chainsmoking,en,pop,indie poptimism,Jacob Banks
Tilt,en,rock,permanent wave,Scott Walker
Body Parts,en,r&b,neo soul,Raphael Saadiq
Tainted Love,en,rock,classic rock,Soft Cell
Love Me Less (feat. Quinn XCII) - Party Pupils Remix,en,pop,dance pop,MAX
Sweet November,en,r&b,new jack swing,Troop
make daddy proud,en,pop,electropop,blackbear
The Pressure,en,rock,album rock,The Cranberries
Riot Rhythm,en,rock,album rock,Sleigh Bells
Your Love,en,r&b,neo soul,Tom Misch
Would You Mind,en,r&b,hip pop,PRETTYMUCH
Odessa,en,pop,dance pop,Caribou
Sanguine Paradise,en,rap,hip hop,Lil Uzi Vert
For Life (feat. Clint Lowery),en,rock,hard rock,3 Years Hollow
Milkshake,en,rap,southern hip hop,Kelis
Together Forever,en,latin,latin hip hop,Lisette Melendez
Only Can Get Better (feat. Daniel Merriweather),en,latin,tropical,Silk City
Cars,en,rock,permanent wave,Gary Numan
Travelin' Band,en,rock,classic rock,Creedence Clearwater Revival
Stay (Electro Swing Remix),en,edm,electro house,11 Acorn Lane
I'm Blessed,en,r&b,urban contemporary,Charlie Wilson
In the Air Tonight,en,rock,hard rock,Nonpoint
No Love Like Yours,en,r&b,neo soul,Edward Sharpe & The Magnetic Zeros
Now That We Found Love,en,r&b,new jack swing,Heavy D & The Boyz
Beat Of My Drum,en,pop,indie poptimism,POWERS
All Falls Down (feat. Juliander),en,edm,electro house,Alan Walker
Take Me Out,en,rock,permanent wave,Franz Ferdinand
Stardust,en,rock,hard rock,Gemini Syndrome
Swingin Party - 2008 Remaster,en,rock,permanent wave,The Replacements
Mother - Fedde Le Grand Remix,en,pop,dance pop,Charlie Puth
Animals - Radio Edit,en,edm,big room,Martin Garrix
Don't Be Afraid,en,r&b,new jack swing,Aaron Hall
Feels - Jai Wolf Remix,en,pop,indie poptimism,Kiiara
Palm Beach,en,latin,tropical,Vicente Garcia
In My Life - Remastered 2009,en,rock,classic rock,The Beatles
Peace of Mind,en,rock,album rock,Boston
Use Somebody,en,rock,classic rock,Kings of Leon
Superstar,en,edm,pop edm,Said the Sky
To Cut a Long Story Short - 2010 Remaster,en,rock,permanent wave,Spandau Ballet
Check Yo Self - Remix,en,rap,southern hip hop,Ice Cube
Move To The City - Live In Japan / 1992,en,rock,album rock,Guns N' Roses
My Way,en,rock,hard rock,Limp Bizkit
Motor City Madhouse - Edit,en,rock,hard rock,Ted Nugent
Flick Of The Wrist - Remastered 2011,en,rock,album rock,Queen
Burden,en,pop,indie poptimism,TENDER
Hardwired,en,rock,hard rock,Metallica
Colors,en,r&b,hip pop,Black Pumas
High And Dry,en,pop,indie poptimism,Radiohead
Burn - Original Mix,en,edm,electro house,KSHMR
Unwritten,en,pop,post-teen pop,Natasha Bedingfield
Chocolate Jesus,en,rock,permanent wave,Tom Waits
Neon,en,pop,indie poptimism,Frida Sundemo
Stay,en,edm,progressive electro house,David Guetta
Won't Get Fooled Again - Original Album Version,en,rock,hard rock,The Who
Is This It,en,rock,permanent wave,The Strokes
Trouble,en,pop,indie poptimism,Cage The Elephant
do re mi,en,rap,hip hop,blackbear
"CAN'T STOP THE FEELING! (Original Song from DreamWorks Animation's ""TROLLS"")",en,pop,dance pop,Justin Timberlake
"What Christmas Means to Me - from ""The Best Man Holiday Original Motion Picture Soundtrack""",en,r&b,neo soul,Fantasia
Wolf,en,pop,indie poptimism,Skott
Thiago Silva,en,rap,hip hop,Dave
Lean On (feat. MØ & DJ Snake) - Tiësto & MOTi Remix,en,pop,electropop,Major Lazer
Easy Love - Original Mix,en,latin,tropical,Sigala
Thursday,en,r&b,neo soul,Leven Kali
Feelin' Alright?,en,rock,classic rock,Traffic
Stupid for You,en,pop,post-teen pop,Waterparks
Paranoid,en,rock,hard rock,Black Sabbath
Electric (feat. Khalid),en,pop,indie poptimism,Alina Baraz
Blowin' Trees (+ Napdonalds Skit),en,rap,southern hip hop,Nappy Roots
Last Request,en,rock,album rock,Paolo Nutini
CYANIDE,en,r&b,urban contemporary,Daniel Caesar
Dang! (feat. Anderson .Paak),en,r&b,neo soul,Mac Miller
Divinity - filous Remix,en,pop,indie poptimism,Porter Robinson
Without Me,en,rap,southern hip hop,Eminem
Owner of a Lonely Heart,en,rock,album rock,Yes
Ghost,en,r&b,neo soul,Lianne La Havas
Faucet Failure,en,rap,gangster rap,Ski Mask The Slump God
Ghost,en,rock,permanent wave,Motorama
Spring Summer Feeling,en,r&b,neo soul,Jill Scott
Dontcha,en,r&b,neo soul,The Internet
I Think of You,en,r&b,neo soul,Sandra Lynn
Roses,en,r&b,neo soul,BJ The Chicago Kid
Barracuda,en,rock,classic rock,Heart
Gold,en,pop,indie poptimism,Kiiara
I'm Shakin',en,rock,classic rock,Jack White
SOS,en,r&b,neo soul,McClenney
Glory of Love,en,rock,album rock,Peter Cetera
Inside the Lines (feat. Casso),en,latin,tropical,Mike Perry
Hard 2 Love,en,rap,southern hip hop,Haystak
It's Going Down,en,rap,southern hip hop,South Circle
The Voices,en,rap,trap,dreamEater
Superstar,en,rap,southern hip hop,Lupe Fiasco
Let's Wait Awhile,en,r&b,new jack swing,Janet Jackson
Adore You,en,pop,post-teen pop,Maisie Peters
Ballin,en,rap,hip hop,Logic
but,en,edm,pop edm,Keys of Philadelphia
Woman,en,rock,hard rock,Wolfmother
Lovers on the Sun (feat. Sam Martin) - Stadiumx Remix,en,edm,big room,David Guetta
Tropic Love,en,pop,electropop,Diviners
Pizza,en,edm,big room,Anti Up
Cocaine,en,rock,album rock,Eric Clapton
Screwed Up,en,rap,southern hip hop,Ludacris
Hello,en,pop,electropop,Adele
Tuesday (feat. Drake),en,edm,pop edm,ILOVEMAKONNEN
Slam,en,rap,gangster rap,Onyx
Calypso,en,latin,latin hip hop,Luis Fonsi
Town Called Malice,en,rock,permanent wave,The Jam
In Love With You,en,r&b,neo soul,Erykah Badu
Anything Could Happen,en,pop,dance pop,Ellie Goulding
Speechless (feat. Erika Sirola) - MOTi Remix,en,pop,dance pop,Robin Schulz
Backseat,en,r&b,urban contemporary,Ari Lennox
Kaputt,en,pop,dance pop,Destroyer
Spoonful,en,pop,indie poptimism,Grizfolk
Who Needs Love,en,rap,trap,Trippie Redd
Love,en,r&b,neo soul,Musiq Soulchild
Catalina Breeze,en,rock,permanent wave,The Blue Jean Committee
Uma,en,pop,indie poptimism,Panama Wedding
Lovergirl,en,r&b,urban contemporary,Teena Marie
Lonely (feat. Lorine Chia),en,r&b,neo soul,Jamila Woods
Be Like You,en,latin,tropical,CVBZ
Meaning of Life,en,rock,hard rock,Disturbed
Animals,en,pop,post-teen pop,Maroon 5
First Things First,en,rap,southern hip hop,Stormzy
Apollo - Radio Edit,en,edm,progressive electro house,Hardwell
I Gotta Clean Up,en,rap,southern hip hop,Marvin Sease
Still Alive,en,rock,hard rock,Prison
Got 'Til It's Gone,en,r&b,new jack swing,Janet Jackson
Karma Chameleon,en,pop,electropop,Culture Club
Limelight,en,rock,classic rock,Rush
Puttin' On The Ritz - Disco Mix Radio Edit,en,edm,electro house,Taco
Mork,en,edm,electro house,The Bloody Beetroots
Climbing Walls,en,pop,indie poptimism,Strange Talk
No Money,en,pop,electropop,Galantis
2 Cigarettes,en,r&b,urban contemporary,Jack & Jack
Eenie Meenie,en,latin,latin hip hop,Justin Bieber
Stay,en,pop,indie poptimism,Post Malone
Honey Dove,en,r&b,neo soul,Lee Fields & The Expressions
Hail Mary,en,rap,gangster rap,2Pac
Hey Jealousy,en,rock,permanent wave,Gin Blossoms
Music,en,r&b,neo soul,Leela James
Low Life,en,rock,hard rock,Crobot
Down to the River,en,rap,southern hip hop,Danny Boone
Side To Side - Slushii Remix,en,edm,pop edm,Ariana Grande
Susie Q - Single Version,en,rock,hard rock,Creedence Clearwater Revival
Fuck You,en,edm,pop edm,CeeLo Green
Just As I Am,en,pop,dance pop,Marshall Marshall
Bridges,en,pop,indie poptimism,Broods
Tears Don't Fall,en,rock,hard rock,Bullet For My Valentine
Don't Worry Bout Me - Alle Farben Remix,en,pop,dance pop,Zara Larsson
3 Nights,en,latin,latin pop,Dominic Fike
Love Me Like You Do,en,pop,post-teen pop,Ellie Goulding
Heaven,en,edm,electro house,The Blaze
WORKIN ME,en,latin,latin pop,Quavo
Drops of Jupiter,en,rock,permanent wave,Train
Easy Love,en,latin,tropical,Sigala
CAN YOU HEAR ME NOW?,en,rock,permanent wave,Bishop Briggs
Women Who Look Like You (feat. Guapdad 4000),en,r&b,urban contemporary,JP Saxe
Sweet Home Alabama,en,rap,southern hip hop,Lynyrd Skynyrd
Southbound,en,rock,classic rock,The Allman Brothers Band
Da' Dip,en,rap,southern hip hop,Freak Nasty
High Rises,en,rap,hip hop,CHIKA
Jekyll and Hyde,en,rock,hard rock,Five Finger Death Punch
Panic Room,en,edm,progressive electro house,Au/Ra
Funky Town,en,pop,post-teen pop,Lipps Inc.
I'm Your Baby Tonight,en,r&b,new jack swing,Whitney Houston
Rockstar (feat. DV8),en,edm,progressive electro house,Timmy Trumpet
Kings & Queens (feat. Run The Jewels),en,rap,gangster rap,DJ Shadow
Breaking the Habit,en,rock,album rock,Linkin Park
Nightrain,en,rock,album rock,Guns N' Roses
End Of The Road,en,r&b,new jack swing,Boyz II Men
Freefall,en,rock,album rock,Camel
This Is What It Feels Like,en,edm,progressive electro house,Armin van Buuren
Ready For Love,en,r&b,neo soul,India.Arie
You Really Got Me,en,rock,classic rock,Van Halen
Every Little Thing I Do - Remix,en,r&b,new jack swing,Soul For Real
